ID de Producto,color_num,talla_num,mes,es_campana,ventas_mes_pasado,cantidad_vendida
3,0,2,1,1,0.0,208
3,0,2,2,1,208.0,130
3,0,2,3,1,130.0,186
3,0,2,4,0,186.0,148
3,0,2,5,0,148.0,208
3,0,2,6,0,208.0,176
3,0,2,7,1,176.0,166
3,0,2,8,0,166.0,128
3,0,2,9,0,128.0,188
3,0,2,10,0,188.0,180
3,0,2,11,0,180.0,184
3,0,2,12,1,184.0,152
3,0,2,1,1,152.0,206
3,0,2,2,1,206.0,124
3,0,2,3,1,124.0,148
3,0,2,4,0,148.0,168
3,0,2,5,0,168.0,160
3,0,2,6,0,160.0,144
3,0,2,7,1,144.0,170
3,0,2,8,0,170.0,110
3,0,2,9,0,110.0,186
3,0,2,10,0,186.0,132
3,0,2,11,0,132.0,200
3,0,2,12,1,200.0,222
3,0,2,1,1,222.0,166
3,0,2,2,1,166.0,158
3,0,2,3,1,158.0,186
3,0,2,4,0,186.0,104
3,0,2,5,0,104.0,172
3,0,2,6,0,172.0,154
3,0,2,7,1,154.0,182
3,0,2,8,0,182.0,212
3,0,2,9,0,212.0,136
3,0,2,10,0,136.0,200
3,0,2,11,0,200.0,128
3,0,2,12,1,128.0,190
3,0,2,1,1,190.0,198
3,0,2,2,1,198.0,174
3,0,2,3,1,174.0,164
3,0,2,4,0,164.0,144
3,0,2,5,0,144.0,164
3,0,2,6,0,164.0,160
3,0,2,7,1,160.0,152
3,0,2,8,0,152.0,178
3,0,2,9,0,178.0,172
3,0,2,10,0,172.0,154
3,0,2,11,0,154.0,158
3,0,2,12,1,158.0,150
3,0,2,1,1,150.0,156
3,0,2,2,1,156.0,150
3,0,2,3,1,150.0,176
3,0,2,4,0,176.0,226
3,0,2,5,0,226.0,154
3,0,2,6,0,154.0,162
3,0,2,7,1,162.0,164
3,0,2,8,0,164.0,118
3,0,2,9,0,118.0,164
3,0,2,10,0,164.0,176
3,0,2,11,0,176.0,222
3,0,2,12,1,222.0,132
3,0,2,1,1,132.0,160
3,0,2,2,1,160.0,112
3,0,2,3,1,112.0,188
3,0,2,4,0,188.0,164
3,0,2,5,0,164.0,214
3,0,2,6,0,214.0,190
3,0,2,7,1,190.0,222
3,0,2,8,0,222.0,142
3,0,2,9,0,142.0,164
3,0,2,10,0,164.0,246
3,0,2,11,0,246.0,158
3,0,2,12,1,158.0,210
3,0,2,1,1,210.0,208
3,0,2,2,1,208.0,150
3,0,2,3,1,150.0,188
3,0,2,4,0,188.0,144
3,0,2,5,0,144.0,158
3,0,2,6,0,158.0,178
3,0,2,7,1,178.0,154
3,0,2,8,0,154.0,164
3,0,2,9,0,164.0,222
3,0,2,10,0,222.0,220
3,0,2,11,0,220.0,178
3,0,2,12,1,178.0,168
3,0,2,1,1,168.0,144
3,0,2,2,1,144.0,140
3,0,2,3,1,140.0,160
3,0,2,4,0,160.0,154
3,0,2,5,0,154.0,178
3,0,2,6,0,178.0,222
3,0,2,7,1,222.0,202
3,0,2,8,0,202.0,156
3,0,2,9,0,156.0,130
3,0,2,10,0,130.0,184
3,0,2,11,0,184.0,168
3,0,2,12,1,168.0,176
3,0,5,1,1,0.0,182
3,0,5,2,1,182.0,180
3,0,5,3,1,180.0,130
3,0,5,4,0,130.0,186
3,0,5,5,0,186.0,210
3,0,5,6,0,210.0,146
3,0,5,7,1,146.0,176
3,0,5,8,0,176.0,188
3,0,5,9,0,188.0,168
3,0,5,10,0,168.0,204
3,0,5,11,0,204.0,138
3,0,5,12,1,138.0,184
3,0,5,1,1,184.0,142
3,0,5,2,1,142.0,176
3,0,5,3,1,176.0,142
3,0,5,4,0,142.0,144
3,0,5,5,0,144.0,140
3,0,5,6,0,140.0,196
3,0,5,7,1,196.0,172
3,0,5,8,0,172.0,250
3,0,5,9,0,250.0,156
3,0,5,10,0,156.0,158
3,0,5,11,0,158.0,202
3,0,5,12,1,202.0,162
3,0,5,1,1,162.0,152
3,0,5,2,1,152.0,162
3,0,5,3,1,162.0,228
3,0,5,4,0,228.0,166
3,0,5,5,0,166.0,202
3,0,5,6,0,202.0,188
3,0,5,7,1,188.0,168
3,0,5,8,0,168.0,138
3,0,5,9,0,138.0,162
3,0,5,10,0,162.0,158
3,0,5,11,0,158.0,162
3,0,5,12,1,162.0,178
3,0,5,1,1,178.0,172
3,0,5,2,1,172.0,202
3,0,5,3,1,202.0,132
3,0,5,4,0,132.0,170
3,0,5,5,0,170.0,174
3,0,5,6,0,174.0,168
3,0,5,7,1,168.0,176
3,0,5,8,0,176.0,182
3,0,5,9,0,182.0,176
3,0,5,10,0,176.0,166
3,0,5,11,0,166.0,166
3,0,5,12,1,166.0,192
3,0,5,1,1,192.0,232
3,0,5,2,1,232.0,158
3,0,5,3,1,158.0,154
3,0,5,4,0,154.0,192
3,0,5,5,0,192.0,180
3,0,5,6,0,180.0,166
3,0,5,7,1,166.0,174
3,0,5,8,0,174.0,186
3,0,5,9,0,186.0,142
3,0,5,10,0,142.0,196
3,0,5,11,0,196.0,156
3,0,5,12,1,156.0,138
3,0,5,1,1,138.0,178
3,0,5,2,1,178.0,172
3,0,5,3,1,172.0,182
3,0,5,4,0,182.0,96
3,0,5,5,0,96.0,204
3,0,5,6,0,204.0,114
3,0,5,7,1,114.0,154
3,0,5,8,0,154.0,200
3,0,5,9,0,200.0,186
3,0,5,10,0,186.0,268
3,0,5,11,0,268.0,210
3,0,5,12,1,210.0,122
3,0,5,1,1,122.0,130
3,0,5,2,1,130.0,184
3,0,5,3,1,184.0,156
3,0,5,4,0,156.0,166
3,0,5,5,0,166.0,174
3,0,5,6,0,174.0,128
3,0,5,7,1,128.0,126
3,0,5,8,0,126.0,194
3,0,5,9,0,194.0,172
3,0,5,10,0,172.0,176
3,0,5,11,0,176.0,180
3,0,5,12,1,180.0,204
3,0,5,1,1,204.0,152
3,0,5,2,1,152.0,158
3,0,5,3,1,158.0,170
3,0,5,4,0,170.0,128
3,0,5,5,0,128.0,146
3,0,5,6,0,146.0,136
3,0,5,7,1,136.0,232
3,0,5,8,0,232.0,198
3,0,5,9,0,198.0,198
3,0,5,10,0,198.0,192
3,0,5,11,0,192.0,148
3,0,5,12,1,148.0,152
3,3,2,1,1,0.0,370
3,3,2,2,1,370.0,148
3,3,2,3,1,148.0,164
3,3,2,4,0,164.0,170
3,3,2,5,0,170.0,168
3,3,2,6,0,168.0,170
3,3,2,7,1,170.0,156
3,3,2,8,0,156.0,214
3,3,2,9,0,214.0,210
3,3,2,10,0,210.0,210
3,3,2,11,0,210.0,172
3,3,2,12,1,172.0,846
3,3,2,1,1,846.0,454
3,3,2,2,1,454.0,88
3,3,2,3,1,88.0,220
3,3,2,4,0,220.0,202
3,3,2,5,0,202.0,134
3,3,2,6,0,134.0,180
3,3,2,7,1,180.0,150
3,3,2,8,0,150.0,208
3,3,2,9,0,208.0,178
3,3,2,10,0,178.0,184
3,3,2,11,0,184.0,160
3,3,2,12,1,160.0,682
3,3,2,1,1,682.0,412
3,3,2,2,1,412.0,168
3,3,2,3,1,168.0,208
3,3,2,4,0,208.0,166
3,3,2,5,0,166.0,164
3,3,2,6,0,164.0,230
3,3,2,7,1,230.0,144
3,3,2,8,0,144.0,206
3,3,2,9,0,206.0,178
3,3,2,10,0,178.0,196
3,3,2,11,0,196.0,142
3,3,2,12,1,142.0,550
3,3,2,1,1,550.0,204
3,3,2,2,1,204.0,190
3,3,2,3,1,190.0,170
3,3,2,4,0,170.0,164
3,3,2,5,0,164.0,136
3,3,2,6,0,136.0,214
3,3,2,7,1,214.0,114
3,3,2,8,0,114.0,160
3,3,2,9,0,160.0,144
3,3,2,10,0,144.0,160
3,3,2,11,0,160.0,150
3,3,2,12,1,150.0,786
3,3,2,1,1,786.0,298
3,3,2,2,1,298.0,158
3,3,2,3,1,158.0,148
3,3,2,4,0,148.0,128
3,3,2,5,0,128.0,158
3,3,2,6,0,158.0,166
3,3,2,7,1,166.0,188
3,3,2,8,0,188.0,168
3,3,2,9,0,168.0,188
3,3,2,10,0,188.0,152
3,3,2,11,0,152.0,206
3,3,2,12,1,206.0,646
3,3,2,1,1,646.0,286
3,3,2,2,1,286.0,178
3,3,2,3,1,178.0,202
3,3,2,4,0,202.0,186
3,3,2,5,0,186.0,94
3,3,2,6,0,94.0,150
3,3,2,7,1,150.0,192
3,3,2,8,0,192.0,160
3,3,2,9,0,160.0,142
3,3,2,10,0,142.0,120
3,3,2,11,0,120.0,126
3,3,2,12,1,126.0,640
3,3,2,1,1,640.0,282
3,3,2,2,1,282.0,110
3,3,2,3,1,110.0,224
3,3,2,4,0,224.0,166
3,3,2,5,0,166.0,150
3,3,2,6,0,150.0,124
3,3,2,7,1,124.0,128
3,3,2,8,0,128.0,158
3,3,2,9,0,158.0,168
3,3,2,10,0,168.0,176
3,3,2,11,0,176.0,170
3,3,2,12,1,170.0,686
3,3,2,1,1,686.0,346
3,3,2,2,1,346.0,166
3,3,2,3,1,166.0,164
3,3,2,4,0,164.0,190
3,3,2,5,0,190.0,198
3,3,2,6,0,198.0,204
3,3,2,7,1,204.0,176
3,3,2,8,0,176.0,182
3,3,2,9,0,182.0,156
3,3,2,10,0,156.0,214
3,3,2,11,0,214.0,162
3,3,2,12,1,162.0,550
3,3,5,1,1,0.0,330
3,3,5,2,1,330.0,150
3,3,5,3,1,150.0,186
3,3,5,4,0,186.0,226
3,3,5,5,0,226.0,200
3,3,5,6,0,200.0,140
3,3,5,7,1,140.0,194
3,3,5,8,0,194.0,178
3,3,5,9,0,178.0,190
3,3,5,10,0,190.0,164
3,3,5,11,0,164.0,128
3,3,5,12,1,128.0,594
3,3,5,1,1,594.0,336
3,3,5,2,1,336.0,120
3,3,5,3,1,120.0,134
3,3,5,4,0,134.0,172
3,3,5,5,0,172.0,178
3,3,5,6,0,178.0,196
3,3,5,7,1,196.0,250
3,3,5,8,0,250.0,140
3,3,5,9,0,140.0,166
3,3,5,10,0,166.0,116
3,3,5,11,0,116.0,216
3,3,5,12,1,216.0,646
3,3,5,1,1,646.0,166
3,3,5,2,1,166.0,186
3,3,5,3,1,186.0,160
3,3,5,4,0,160.0,164
3,3,5,5,0,164.0,196
3,3,5,6,0,196.0,160
3,3,5,7,1,160.0,194
3,3,5,8,0,194.0,188
3,3,5,9,0,188.0,192
3,3,5,10,0,192.0,146
3,3,5,11,0,146.0,174
3,3,5,12,1,174.0,570
3,3,5,1,1,570.0,308
3,3,5,2,1,308.0,188
3,3,5,3,1,188.0,158
3,3,5,4,0,158.0,172
3,3,5,5,0,172.0,182
3,3,5,6,0,182.0,146
3,3,5,7,1,146.0,186
3,3,5,8,0,186.0,170
3,3,5,9,0,170.0,206
3,3,5,10,0,206.0,136
3,3,5,11,0,136.0,186
3,3,5,12,1,186.0,664
3,3,5,1,1,664.0,304
3,3,5,2,1,304.0,166
3,3,5,3,1,166.0,144
3,3,5,4,0,144.0,148
3,3,5,5,0,148.0,190
3,3,5,6,0,190.0,174
3,3,5,7,1,174.0,190
3,3,5,8,0,190.0,202
3,3,5,9,0,202.0,170
3,3,5,10,0,170.0,180
3,3,5,11,0,180.0,178
3,3,5,12,1,178.0,508
3,3,5,1,1,508.0,464
3,3,5,2,1,464.0,170
3,3,5,3,1,170.0,154
3,3,5,4,0,154.0,146
3,3,5,5,0,146.0,178
3,3,5,6,0,178.0,154
3,3,5,7,1,154.0,194
3,3,5,8,0,194.0,220
3,3,5,9,0,220.0,154
3,3,5,10,0,154.0,182
3,3,5,11,0,182.0,158
3,3,5,12,1,158.0,818
3,3,5,1,1,818.0,432
3,3,5,2,1,432.0,94
3,3,5,3,1,94.0,192
3,3,5,4,0,192.0,186
3,3,5,5,0,186.0,164
3,3,5,6,0,164.0,154
3,3,5,7,1,154.0,198
3,3,5,8,0,198.0,188
3,3,5,9,0,188.0,214
3,3,5,10,0,214.0,198
3,3,5,11,0,198.0,192
3,3,5,12,1,192.0,684
3,3,5,1,1,684.0,272
3,3,5,2,1,272.0,172
3,3,5,3,1,172.0,146
3,3,5,4,0,146.0,172
3,3,5,5,0,172.0,186
3,3,5,6,0,186.0,186
3,3,5,7,1,186.0,184
3,3,5,8,0,184.0,168
3,3,5,9,0,168.0,180
3,3,5,10,0,180.0,198
3,3,5,11,0,198.0,152
3,3,5,12,1,152.0,542
4,3,2,1,1,0.0,376
4,3,2,2,1,376.0,122
4,3,2,3,1,122.0,152
4,3,2,4,0,152.0,160
4,3,2,5,0,160.0,182
4,3,2,6,0,182.0,138
4,3,2,7,1,138.0,178
4,3,2,8,0,178.0,192
4,3,2,9,0,192.0,136
4,3,2,10,0,136.0,184
4,3,2,11,0,184.0,190
4,3,2,12,1,190.0,454
4,3,2,1,1,454.0,402
4,3,2,2,1,402.0,150
4,3,2,3,1,150.0,160
4,3,2,4,0,160.0,170
4,3,2,5,0,170.0,188
4,3,2,6,0,188.0,134
4,3,2,7,1,134.0,166
4,3,2,8,0,166.0,154
4,3,2,9,0,154.0,170
4,3,2,10,0,170.0,186
4,3,2,11,0,186.0,138
4,3,2,12,1,138.0,672
4,3,2,1,1,672.0,342
4,3,2,2,1,342.0,126
4,3,2,3,1,126.0,218
4,3,2,4,0,218.0,160
4,3,2,5,0,160.0,182
4,3,2,6,0,182.0,206
4,3,2,7,1,206.0,192
4,3,2,8,0,192.0,138
4,3,2,9,0,138.0,164
4,3,2,10,0,164.0,186
4,3,2,11,0,186.0,134
4,3,2,12,1,134.0,800
4,3,2,1,1,800.0,278
4,3,2,2,1,278.0,170
4,3,2,3,1,170.0,178
4,3,2,4,0,178.0,134
4,3,2,5,0,134.0,200
4,3,2,6,0,200.0,244
4,3,2,7,1,244.0,144
4,3,2,8,0,144.0,172
4,3,2,9,0,172.0,170
4,3,2,10,0,170.0,204
4,3,2,11,0,204.0,180
4,3,2,12,1,180.0,866
4,3,2,1,1,866.0,334
4,3,2,2,1,334.0,176
4,3,2,3,1,176.0,206
4,3,2,4,0,206.0,196
4,3,2,5,0,196.0,178
4,3,2,6,0,178.0,160
4,3,2,7,1,160.0,188
4,3,2,8,0,188.0,172
4,3,2,9,0,172.0,146
4,3,2,10,0,146.0,230
4,3,2,11,0,230.0,168
4,3,2,12,1,168.0,522
4,3,2,1,1,522.0,252
4,3,2,2,1,252.0,190
4,3,2,3,1,190.0,146
4,3,2,4,0,146.0,178
4,3,2,5,0,178.0,164
4,3,2,6,0,164.0,172
4,3,2,7,1,172.0,186
4,3,2,8,0,186.0,196
4,3,2,9,0,196.0,158
4,3,2,10,0,158.0,136
4,3,2,11,0,136.0,194
4,3,2,12,1,194.0,586
4,3,2,1,1,586.0,196
4,3,2,2,1,196.0,218
4,3,2,3,1,218.0,180
4,3,2,4,0,180.0,164
4,3,2,5,0,164.0,162
4,3,2,6,0,162.0,140
4,3,2,7,1,140.0,136
4,3,2,8,0,136.0,204
4,3,2,9,0,204.0,114
4,3,2,10,0,114.0,182
4,3,2,11,0,182.0,192
4,3,2,12,1,192.0,648
4,3,2,1,1,648.0,276
4,3,2,2,1,276.0,128
4,3,2,3,1,128.0,208
4,3,2,4,0,208.0,152
4,3,2,5,0,152.0,136
4,3,2,6,0,136.0,134
4,3,2,7,1,134.0,152
4,3,2,8,0,152.0,180
4,3,2,9,0,180.0,198
4,3,2,10,0,198.0,194
4,3,2,11,0,194.0,232
4,3,2,12,1,232.0,634
4,3,5,1,1,0.0,318
4,3,5,2,1,318.0,190
4,3,5,3,1,190.0,208
4,3,5,4,0,208.0,160
4,3,5,5,0,160.0,156
4,3,5,6,0,156.0,158
4,3,5,7,1,158.0,134
4,3,5,8,0,134.0,186
4,3,5,9,0,186.0,144
4,3,5,10,0,144.0,198
4,3,5,11,0,198.0,212
4,3,5,12,1,212.0,754
4,3,5,1,1,754.0,392
4,3,5,2,1,392.0,198
4,3,5,3,1,198.0,230
4,3,5,4,0,230.0,174
4,3,5,5,0,174.0,202
4,3,5,6,0,202.0,144
4,3,5,7,1,144.0,162
4,3,5,8,0,162.0,178
4,3,5,9,0,178.0,226
4,3,5,10,0,226.0,238
4,3,5,11,0,238.0,190
4,3,5,12,1,190.0,748
4,3,5,1,1,748.0,230
4,3,5,2,1,230.0,224
4,3,5,3,1,224.0,204
4,3,5,4,0,204.0,204
4,3,5,5,0,204.0,220
4,3,5,6,0,220.0,192
4,3,5,7,1,192.0,172
4,3,5,8,0,172.0,142
4,3,5,9,0,142.0,156
4,3,5,10,0,156.0,192
4,3,5,11,0,192.0,146
4,3,5,12,1,146.0,744
4,3,5,1,1,744.0,402
4,3,5,2,1,402.0,132
4,3,5,3,1,132.0,162
4,3,5,4,0,162.0,176
4,3,5,5,0,176.0,160
4,3,5,6,0,160.0,136
4,3,5,7,1,136.0,124
4,3,5,8,0,124.0,108
4,3,5,9,0,108.0,140
4,3,5,10,0,140.0,218
4,3,5,11,0,218.0,170
4,3,5,12,1,170.0,412
4,3,5,1,1,412.0,276
4,3,5,2,1,276.0,150
4,3,5,3,1,150.0,180
4,3,5,4,0,180.0,108
4,3,5,5,0,108.0,180
4,3,5,6,0,180.0,154
4,3,5,7,1,154.0,204
4,3,5,8,0,204.0,170
4,3,5,9,0,170.0,174
4,3,5,10,0,174.0,210
4,3,5,11,0,210.0,178
4,3,5,12,1,178.0,684
4,3,5,1,1,684.0,298
4,3,5,2,1,298.0,148
4,3,5,3,1,148.0,182
4,3,5,4,0,182.0,160
4,3,5,5,0,160.0,140
4,3,5,6,0,140.0,158
4,3,5,7,1,158.0,158
4,3,5,8,0,158.0,128
4,3,5,9,0,128.0,134
4,3,5,10,0,134.0,206
4,3,5,11,0,206.0,110
4,3,5,12,1,110.0,808
4,3,5,1,1,808.0,362
4,3,5,2,1,362.0,186
4,3,5,3,1,186.0,160
4,3,5,4,0,160.0,180
4,3,5,5,0,180.0,196
4,3,5,6,0,196.0,168
4,3,5,7,1,168.0,196
4,3,5,8,0,196.0,204
4,3,5,9,0,204.0,204
4,3,5,10,0,204.0,176
4,3,5,11,0,176.0,128
4,3,5,12,1,128.0,580
4,3,5,1,1,580.0,276
4,3,5,2,1,276.0,170
4,3,5,3,1,170.0,188
4,3,5,4,0,188.0,152
4,3,5,5,0,152.0,134
4,3,5,6,0,134.0,168
4,3,5,7,1,168.0,210
4,3,5,8,0,210.0,136
4,3,5,9,0,136.0,182
4,3,5,10,0,182.0,158
4,3,5,11,0,158.0,152
4,3,5,12,1,152.0,482
4,7,2,1,1,0.0,174
4,7,2,2,1,174.0,156
4,7,2,3,1,156.0,176
4,7,2,4,0,176.0,228
4,7,2,5,0,228.0,156
4,7,2,6,0,156.0,140
4,7,2,7,1,140.0,204
4,7,2,8,0,204.0,214
4,7,2,9,0,214.0,152
4,7,2,10,0,152.0,140
4,7,2,11,0,140.0,140
4,7,2,12,1,140.0,142
4,7,2,1,1,142.0,176
4,7,2,2,1,176.0,198
4,7,2,3,1,198.0,166
4,7,2,4,0,166.0,232
4,7,2,5,0,232.0,190
4,7,2,6,0,190.0,162
4,7,2,7,1,162.0,164
4,7,2,8,0,164.0,138
4,7,2,9,0,138.0,198
4,7,2,10,0,198.0,216
4,7,2,11,0,216.0,202
4,7,2,12,1,202.0,162
4,7,2,1,1,162.0,174
4,7,2,2,1,174.0,148
4,7,2,3,1,148.0,160
4,7,2,4,0,160.0,218
4,7,2,5,0,218.0,154
4,7,2,6,0,154.0,176
4,7,2,7,1,176.0,182
4,7,2,8,0,182.0,136
4,7,2,9,0,136.0,206
4,7,2,10,0,206.0,190
4,7,2,11,0,190.0,172
4,7,2,12,1,172.0,126
4,7,2,1,1,126.0,182
4,7,2,2,1,182.0,176
4,7,2,3,1,176.0,134
4,7,2,4,0,134.0,160
4,7,2,5,0,160.0,186
4,7,2,6,0,186.0,152
4,7,2,7,1,152.0,188
4,7,2,8,0,188.0,132
4,7,2,9,0,132.0,150
4,7,2,10,0,150.0,188
4,7,2,11,0,188.0,172
4,7,2,12,1,172.0,160
4,7,2,1,1,160.0,156
4,7,2,2,1,156.0,118
4,7,2,3,1,118.0,120
4,7,2,4,0,120.0,142
4,7,2,5,0,142.0,208
4,7,2,6,0,208.0,166
4,7,2,7,1,166.0,218
4,7,2,8,0,218.0,152
4,7,2,9,0,152.0,186
4,7,2,10,0,186.0,224
4,7,2,11,0,224.0,192
4,7,2,12,1,192.0,166
4,7,2,1,1,166.0,184
4,7,2,2,1,184.0,204
4,7,2,3,1,204.0,186
4,7,2,4,0,186.0,122
4,7,2,5,0,122.0,184
4,7,2,6,0,184.0,210
4,7,2,7,1,210.0,208
4,7,2,8,0,208.0,164
4,7,2,9,0,164.0,236
4,7,2,10,0,236.0,130
4,7,2,11,0,130.0,202
4,7,2,12,1,202.0,194
4,7,2,1,1,194.0,194
4,7,2,2,1,194.0,124
4,7,2,3,1,124.0,156
4,7,2,4,0,156.0,190
4,7,2,5,0,190.0,144
4,7,2,6,0,144.0,150
4,7,2,7,1,150.0,158
4,7,2,8,0,158.0,154
4,7,2,9,0,154.0,170
4,7,2,10,0,170.0,232
4,7,2,11,0,232.0,182
4,7,2,12,1,182.0,136
4,7,2,1,1,136.0,154
4,7,2,2,1,154.0,100
4,7,2,3,1,100.0,122
4,7,2,4,0,122.0,188
4,7,2,5,0,188.0,166
4,7,2,6,0,166.0,198
4,7,2,7,1,198.0,140
4,7,2,8,0,140.0,178
4,7,2,9,0,178.0,172
4,7,2,10,0,172.0,184
4,7,2,11,0,184.0,158
4,7,2,12,1,158.0,140
4,7,5,1,1,0.0,108
4,7,5,2,1,108.0,162
4,7,5,3,1,162.0,172
4,7,5,4,0,172.0,120
4,7,5,5,0,120.0,206
4,7,5,6,0,206.0,158
4,7,5,7,1,158.0,158
4,7,5,8,0,158.0,120
4,7,5,9,0,120.0,130
4,7,5,10,0,130.0,182
4,7,5,11,0,182.0,160
4,7,5,12,1,160.0,162
4,7,5,1,1,162.0,144
4,7,5,2,1,144.0,168
4,7,5,3,1,168.0,188
4,7,5,4,0,188.0,142
4,7,5,5,0,142.0,120
4,7,5,6,0,120.0,186
4,7,5,7,1,186.0,180
4,7,5,8,0,180.0,138
4,7,5,9,0,138.0,160
4,7,5,10,0,160.0,142
4,7,5,11,0,142.0,152
4,7,5,12,1,152.0,140
4,7,5,1,1,140.0,190
4,7,5,2,1,190.0,160
4,7,5,3,1,160.0,198
4,7,5,4,0,198.0,192
4,7,5,5,0,192.0,218
4,7,5,6,0,218.0,232
4,7,5,7,1,232.0,140
4,7,5,8,0,140.0,184
4,7,5,9,0,184.0,166
4,7,5,10,0,166.0,168
4,7,5,11,0,168.0,206
4,7,5,12,1,206.0,148
4,7,5,1,1,148.0,130
4,7,5,2,1,130.0,118
4,7,5,3,1,118.0,184
4,7,5,4,0,184.0,140
4,7,5,5,0,140.0,186
4,7,5,6,0,186.0,192
4,7,5,7,1,192.0,172
4,7,5,8,0,172.0,168
4,7,5,9,0,168.0,128
4,7,5,10,0,128.0,134
4,7,5,11,0,134.0,230
4,7,5,12,1,230.0,196
4,7,5,1,1,196.0,206
4,7,5,2,1,206.0,172
4,7,5,3,1,172.0,206
4,7,5,4,0,206.0,126
4,7,5,5,0,126.0,264
4,7,5,6,0,264.0,130
4,7,5,7,1,130.0,156
4,7,5,8,0,156.0,178
4,7,5,9,0,178.0,168
4,7,5,10,0,168.0,176
4,7,5,11,0,176.0,174
4,7,5,12,1,174.0,134
4,7,5,1,1,134.0,150
4,7,5,2,1,150.0,192
4,7,5,3,1,192.0,166
4,7,5,4,0,166.0,172
4,7,5,5,0,172.0,152
4,7,5,6,0,152.0,146
4,7,5,7,1,146.0,186
4,7,5,8,0,186.0,160
4,7,5,9,0,160.0,190
4,7,5,10,0,190.0,162
4,7,5,11,0,162.0,174
4,7,5,12,1,174.0,124
4,7,5,1,1,124.0,192
4,7,5,2,1,192.0,158
4,7,5,3,1,158.0,194
4,7,5,4,0,194.0,164
4,7,5,5,0,164.0,160
4,7,5,6,0,160.0,172
4,7,5,7,1,172.0,164
4,7,5,8,0,164.0,138
4,7,5,9,0,138.0,186
4,7,5,10,0,186.0,166
4,7,5,11,0,166.0,160
4,7,5,12,1,160.0,146
4,7,5,1,1,146.0,162
4,7,5,2,1,162.0,152
4,7,5,3,1,152.0,158
4,7,5,4,0,158.0,158
4,7,5,5,0,158.0,180
4,7,5,6,0,180.0,166
4,7,5,7,1,166.0,188
4,7,5,8,0,188.0,148
4,7,5,9,0,148.0,210
4,7,5,10,0,210.0,206
4,7,5,11,0,206.0,152
4,7,5,12,1,152.0,130
5,0,2,1,1,0.0,172
5,0,2,2,1,172.0,182
5,0,2,3,1,182.0,1656
5,0,2,4,0,1656.0,160
5,0,2,5,0,160.0,142
5,0,2,6,0,142.0,96
5,0,2,7,1,96.0,160
5,0,2,8,0,160.0,120
5,0,2,9,0,120.0,164
5,0,2,10,0,164.0,134
5,0,2,11,0,134.0,138
5,0,2,12,1,138.0,218
5,0,2,1,1,218.0,136
5,0,2,2,1,136.0,130
5,0,2,3,1,130.0,2840
5,0,2,4,0,2840.0,154
5,0,2,5,0,154.0,152
5,0,2,6,0,152.0,156
5,0,2,7,1,156.0,166
5,0,2,8,0,166.0,120
5,0,2,9,0,120.0,162
5,0,2,10,0,162.0,172
5,0,2,11,0,172.0,188
5,0,2,12,1,188.0,158
5,0,2,1,1,158.0,240
5,0,2,2,1,240.0,194
5,0,2,3,1,194.0,1602
5,0,2,4,0,1602.0,152
5,0,2,5,0,152.0,202
5,0,2,6,0,202.0,150
5,0,2,7,1,150.0,142
5,0,2,8,0,142.0,136
5,0,2,9,0,136.0,140
5,0,2,10,0,140.0,180
5,0,2,11,0,180.0,142
5,0,2,12,1,142.0,218
5,0,2,1,1,218.0,230
5,0,2,2,1,230.0,164
5,0,2,3,1,164.0,1972
5,0,2,4,0,1972.0,170
5,0,2,5,0,170.0,136
5,0,2,6,0,136.0,162
5,0,2,7,1,162.0,200
5,0,2,8,0,200.0,204
5,0,2,9,0,204.0,130
5,0,2,10,0,130.0,156
5,0,2,11,0,156.0,148
5,0,2,12,1,148.0,148
5,0,2,1,1,148.0,144
5,0,2,2,1,144.0,100
5,0,2,3,1,100.0,2542
5,0,2,4,0,2542.0,194
5,0,2,5,0,194.0,162
5,0,2,6,0,162.0,192
5,0,2,7,1,192.0,184
5,0,2,8,0,184.0,172
5,0,2,9,0,172.0,170
5,0,2,10,0,170.0,142
5,0,2,11,0,142.0,188
5,0,2,12,1,188.0,134
5,0,2,1,1,134.0,204
5,0,2,2,1,204.0,158
5,0,2,3,1,158.0,2652
5,0,2,4,0,2652.0,152
5,0,2,5,0,152.0,198
5,0,2,6,0,198.0,148
5,0,2,7,1,148.0,158
5,0,2,8,0,158.0,176
5,0,2,9,0,176.0,124
5,0,2,10,0,124.0,138
5,0,2,11,0,138.0,142
5,0,2,12,1,142.0,176
5,0,2,1,1,176.0,186
5,0,2,2,1,186.0,160
5,0,2,3,1,160.0,2112
5,0,2,4,0,2112.0,176
5,0,2,5,0,176.0,122
5,0,2,6,0,122.0,226
5,0,2,7,1,226.0,162
5,0,2,8,0,162.0,204
5,0,2,9,0,204.0,178
5,0,2,10,0,178.0,130
5,0,2,11,0,130.0,216
5,0,2,12,1,216.0,194
5,0,2,1,1,194.0,160
5,0,2,2,1,160.0,132
5,0,2,3,1,132.0,2268
5,0,2,4,0,2268.0,148
5,0,2,5,0,148.0,138
5,0,2,6,0,138.0,154
5,0,2,7,1,154.0,170
5,0,2,8,0,170.0,156
5,0,2,9,0,156.0,164
5,0,2,10,0,164.0,156
5,0,2,11,0,156.0,168
5,0,2,12,1,168.0,188
5,0,3,1,1,0.0,176
5,0,3,2,1,176.0,178
5,0,3,3,1,178.0,2696
5,0,3,4,0,2696.0,138
5,0,3,5,0,138.0,164
5,0,3,6,0,164.0,130
5,0,3,7,1,130.0,190
5,0,3,8,0,190.0,172
5,0,3,9,0,172.0,190
5,0,3,10,0,190.0,158
5,0,3,11,0,158.0,138
5,0,3,12,1,138.0,168
5,0,3,1,1,168.0,166
5,0,3,2,1,166.0,202
5,0,3,3,1,202.0,2774
5,0,3,4,0,2774.0,144
5,0,3,5,0,144.0,176
5,0,3,6,0,176.0,128
5,0,3,7,1,128.0,224
5,0,3,8,0,224.0,154
5,0,3,9,0,154.0,112
5,0,3,10,0,112.0,178
5,0,3,11,0,178.0,184
5,0,3,12,1,184.0,154
5,0,3,1,1,154.0,132
5,0,3,2,1,132.0,154
5,0,3,3,1,154.0,1758
5,0,3,4,0,1758.0,180
5,0,3,5,0,180.0,168
5,0,3,6,0,168.0,182
5,0,3,7,1,182.0,216
5,0,3,8,0,216.0,196
5,0,3,9,0,196.0,186
5,0,3,10,0,186.0,184
5,0,3,11,0,184.0,182
5,0,3,12,1,182.0,182
5,0,3,1,1,182.0,150
5,0,3,2,1,150.0,162
5,0,3,3,1,162.0,1670
5,0,3,4,0,1670.0,142
5,0,3,5,0,142.0,136
5,0,3,6,0,136.0,108
5,0,3,7,1,108.0,204
5,0,3,8,0,204.0,268
5,0,3,9,0,268.0,110
5,0,3,10,0,110.0,184
5,0,3,11,0,184.0,148
5,0,3,12,1,148.0,174
5,0,3,1,1,174.0,162
5,0,3,2,1,162.0,144
5,0,3,3,1,144.0,1930
5,0,3,4,0,1930.0,158
5,0,3,5,0,158.0,148
5,0,3,6,0,148.0,188
5,0,3,7,1,188.0,144
5,0,3,8,0,144.0,158
5,0,3,9,0,158.0,156
5,0,3,10,0,156.0,138
5,0,3,11,0,138.0,128
5,0,3,12,1,128.0,182
5,0,3,1,1,182.0,168
5,0,3,2,1,168.0,240
5,0,3,3,1,240.0,2012
5,0,3,4,0,2012.0,172
5,0,3,5,0,172.0,196
5,0,3,6,0,196.0,172
5,0,3,7,1,172.0,186
5,0,3,8,0,186.0,198
5,0,3,9,0,198.0,120
5,0,3,10,0,120.0,184
5,0,3,11,0,184.0,118
5,0,3,12,1,118.0,98
5,0,3,1,1,98.0,176
5,0,3,2,1,176.0,140
5,0,3,3,1,140.0,1872
5,0,3,4,0,1872.0,182
5,0,3,5,0,182.0,182
5,0,3,6,0,182.0,154
5,0,3,7,1,154.0,200
5,0,3,8,0,200.0,236
5,0,3,9,0,236.0,168
5,0,3,10,0,168.0,270
5,0,3,11,0,270.0,224
5,0,3,12,1,224.0,174
5,0,3,1,1,174.0,198
5,0,3,2,1,198.0,126
5,0,3,3,1,126.0,1568
5,0,3,4,0,1568.0,210
5,0,3,5,0,210.0,188
5,0,3,6,0,188.0,166
5,0,3,7,1,166.0,220
5,0,3,8,0,220.0,122
5,0,3,9,0,122.0,180
5,0,3,10,0,180.0,174
5,0,3,11,0,174.0,146
5,0,3,12,1,146.0,162
5,0,4,1,1,0.0,216
5,0,4,2,1,216.0,102
5,0,4,3,1,102.0,1980
5,0,4,4,0,1980.0,210
5,0,4,5,0,210.0,150
5,0,4,6,0,150.0,128
5,0,4,7,1,128.0,174
5,0,4,8,0,174.0,192
5,0,4,9,0,192.0,160
5,0,4,10,0,160.0,182
5,0,4,11,0,182.0,174
5,0,4,12,1,174.0,162
5,0,4,1,1,162.0,118
5,0,4,2,1,118.0,148
5,0,4,3,1,148.0,2152
5,0,4,4,0,2152.0,248
5,0,4,5,0,248.0,158
5,0,4,6,0,158.0,210
5,0,4,7,1,210.0,232
5,0,4,8,0,232.0,180
5,0,4,9,0,180.0,176
5,0,4,10,0,176.0,232
5,0,4,11,0,232.0,106
5,0,4,12,1,106.0,236
5,0,4,1,1,236.0,146
5,0,4,2,1,146.0,102
5,0,4,3,1,102.0,2200
5,0,4,4,0,2200.0,160
5,0,4,5,0,160.0,168
5,0,4,6,0,168.0,164
5,0,4,7,1,164.0,188
5,0,4,8,0,188.0,170
5,0,4,9,0,170.0,180
5,0,4,10,0,180.0,162
5,0,4,11,0,162.0,184
5,0,4,12,1,184.0,180
5,0,4,1,1,180.0,168
5,0,4,2,1,168.0,158
5,0,4,3,1,158.0,2456
5,0,4,4,0,2456.0,148
5,0,4,5,0,148.0,150
5,0,4,6,0,150.0,216
5,0,4,7,1,216.0,240
5,0,4,8,0,240.0,142
5,0,4,9,0,142.0,176
5,0,4,10,0,176.0,160
5,0,4,11,0,160.0,180
5,0,4,12,1,180.0,138
5,0,4,1,1,138.0,170
5,0,4,2,1,170.0,154
5,0,4,3,1,154.0,2242
5,0,4,4,0,2242.0,152
5,0,4,5,0,152.0,106
5,0,4,6,0,106.0,108
5,0,4,7,1,108.0,222
5,0,4,8,0,222.0,154
5,0,4,9,0,154.0,152
5,0,4,10,0,152.0,154
5,0,4,11,0,154.0,206
5,0,4,12,1,206.0,158
5,0,4,1,1,158.0,198
5,0,4,2,1,198.0,196
5,0,4,3,1,196.0,2630
5,0,4,4,0,2630.0,166
5,0,4,5,0,166.0,142
5,0,4,6,0,142.0,148
5,0,4,7,1,148.0,162
5,0,4,8,0,162.0,170
5,0,4,9,0,170.0,190
5,0,4,10,0,190.0,180
5,0,4,11,0,180.0,150
5,0,4,12,1,150.0,152
5,0,4,1,1,152.0,158
5,0,4,2,1,158.0,128
5,0,4,3,1,128.0,2258
5,0,4,4,0,2258.0,120
5,0,4,5,0,120.0,122
5,0,4,6,0,122.0,218
5,0,4,7,1,218.0,184
5,0,4,8,0,184.0,172
5,0,4,9,0,172.0,196
5,0,4,10,0,196.0,214
5,0,4,11,0,214.0,196
5,0,4,12,1,196.0,144
5,0,4,1,1,144.0,166
5,0,4,2,1,166.0,158
5,0,4,3,1,158.0,2510
5,0,4,4,0,2510.0,134
5,0,4,5,0,134.0,160
5,0,4,6,0,160.0,200
5,0,4,7,1,200.0,160
5,0,4,8,0,160.0,176
5,0,4,9,0,176.0,204
5,0,4,10,0,204.0,158
5,0,4,11,0,158.0,184
5,0,4,12,1,184.0,188
5,1,2,1,1,0.0,282
5,1,2,2,1,282.0,164
5,1,2,3,1,164.0,2744
5,1,2,4,0,2744.0,146
5,1,2,5,0,146.0,180
5,1,2,6,0,180.0,172
5,1,2,7,1,172.0,422
5,1,2,8,0,422.0,160
5,1,2,9,0,160.0,192
5,1,2,10,0,192.0,190
5,1,2,11,0,190.0,146
5,1,2,12,1,146.0,818
5,1,2,1,1,818.0,258
5,1,2,2,1,258.0,146
5,1,2,3,1,146.0,2088
5,1,2,4,0,2088.0,148
5,1,2,5,0,148.0,152
5,1,2,6,0,152.0,154
5,1,2,7,1,154.0,306
5,1,2,8,0,306.0,190
5,1,2,9,0,190.0,168
5,1,2,10,0,168.0,130
5,1,2,11,0,130.0,198
5,1,2,12,1,198.0,640
5,1,2,1,1,640.0,316
5,1,2,2,1,316.0,206
5,1,2,3,1,206.0,2620
5,1,2,4,0,2620.0,158
5,1,2,5,0,158.0,204
5,1,2,6,0,204.0,242
5,1,2,7,1,242.0,500
5,1,2,8,0,500.0,154
5,1,2,9,0,154.0,150
5,1,2,10,0,150.0,158
5,1,2,11,0,158.0,156
5,1,2,12,1,156.0,518
5,1,2,1,1,518.0,188
5,1,2,2,1,188.0,136
5,1,2,3,1,136.0,2162
5,1,2,4,0,2162.0,134
5,1,2,5,0,134.0,164
5,1,2,6,0,164.0,126
5,1,2,7,1,126.0,380
5,1,2,8,0,380.0,258
5,1,2,9,0,258.0,228
5,1,2,10,0,228.0,200
5,1,2,11,0,200.0,148
5,1,2,12,1,148.0,618
5,1,2,1,1,618.0,184
5,1,2,2,1,184.0,122
5,1,2,3,1,122.0,1876
5,1,2,4,0,1876.0,144
5,1,2,5,0,144.0,180
5,1,2,6,0,180.0,202
5,1,2,7,1,202.0,450
5,1,2,8,0,450.0,190
5,1,2,9,0,190.0,166
5,1,2,10,0,166.0,184
5,1,2,11,0,184.0,136
5,1,2,12,1,136.0,596
5,1,2,1,1,596.0,208
5,1,2,2,1,208.0,146
5,1,2,3,1,146.0,2528
5,1,2,4,0,2528.0,190
5,1,2,5,0,190.0,248
5,1,2,6,0,248.0,124
5,1,2,7,1,124.0,478
5,1,2,8,0,478.0,172
5,1,2,9,0,172.0,134
5,1,2,10,0,134.0,152
5,1,2,11,0,152.0,194
5,1,2,12,1,194.0,750
5,1,2,1,1,750.0,396
5,1,2,2,1,396.0,164
5,1,2,3,1,164.0,2386
5,1,2,4,0,2386.0,192
5,1,2,5,0,192.0,168
5,1,2,6,0,168.0,116
5,1,2,7,1,116.0,458
5,1,2,8,0,458.0,220
5,1,2,9,0,220.0,174
5,1,2,10,0,174.0,184
5,1,2,11,0,184.0,160
5,1,2,12,1,160.0,656
5,1,2,1,1,656.0,292
5,1,2,2,1,292.0,220
5,1,2,3,1,220.0,2076
5,1,2,4,0,2076.0,130
5,1,2,5,0,130.0,162
5,1,2,6,0,162.0,182
5,1,2,7,1,182.0,412
5,1,2,8,0,412.0,246
5,1,2,9,0,246.0,178
5,1,2,10,0,178.0,170
5,1,2,11,0,170.0,116
5,1,2,12,1,116.0,666
5,1,3,1,1,0.0,308
5,1,3,2,1,308.0,248
5,1,3,3,1,248.0,2138
5,1,3,4,0,2138.0,138
5,1,3,5,0,138.0,160
5,1,3,6,0,160.0,140
5,1,3,7,1,140.0,366
5,1,3,8,0,366.0,160
5,1,3,9,0,160.0,138
5,1,3,10,0,138.0,168
5,1,3,11,0,168.0,170
5,1,3,12,1,170.0,532
5,1,3,1,1,532.0,234
5,1,3,2,1,234.0,150
5,1,3,3,1,150.0,2314
5,1,3,4,0,2314.0,138
5,1,3,5,0,138.0,160
5,1,3,6,0,160.0,182
5,1,3,7,1,182.0,336
5,1,3,8,0,336.0,174
5,1,3,9,0,174.0,182
5,1,3,10,0,182.0,144
5,1,3,11,0,144.0,172
5,1,3,12,1,172.0,646
5,1,3,1,1,646.0,304
5,1,3,2,1,304.0,186
5,1,3,3,1,186.0,1696
5,1,3,4,0,1696.0,148
5,1,3,5,0,148.0,194
5,1,3,6,0,194.0,192
5,1,3,7,1,192.0,484
5,1,3,8,0,484.0,212
5,1,3,9,0,212.0,140
5,1,3,10,0,140.0,200
5,1,3,11,0,200.0,186
5,1,3,12,1,186.0,604
5,1,3,1,1,604.0,378
5,1,3,2,1,378.0,160
5,1,3,3,1,160.0,2336
5,1,3,4,0,2336.0,158
5,1,3,5,0,158.0,134
5,1,3,6,0,134.0,196
5,1,3,7,1,196.0,324
5,1,3,8,0,324.0,142
5,1,3,9,0,142.0,150
5,1,3,10,0,150.0,192
5,1,3,11,0,192.0,152
5,1,3,12,1,152.0,700
5,1,3,1,1,700.0,254
5,1,3,2,1,254.0,142
5,1,3,3,1,142.0,2808
5,1,3,4,0,2808.0,152
5,1,3,5,0,152.0,156
5,1,3,6,0,156.0,152
5,1,3,7,1,152.0,296
5,1,3,8,0,296.0,196
5,1,3,9,0,196.0,120
5,1,3,10,0,120.0,172
5,1,3,11,0,172.0,180
5,1,3,12,1,180.0,696
5,1,3,1,1,696.0,410
5,1,3,2,1,410.0,148
5,1,3,3,1,148.0,2228
5,1,3,4,0,2228.0,140
5,1,3,5,0,140.0,136
5,1,3,6,0,136.0,172
5,1,3,7,1,172.0,456
5,1,3,8,0,456.0,226
5,1,3,9,0,226.0,140
5,1,3,10,0,140.0,190
5,1,3,11,0,190.0,178
5,1,3,12,1,178.0,694
5,1,3,1,1,694.0,284
5,1,3,2,1,284.0,156
5,1,3,3,1,156.0,2114
5,1,3,4,0,2114.0,204
5,1,3,5,0,204.0,182
5,1,3,6,0,182.0,204
5,1,3,7,1,204.0,422
5,1,3,8,0,422.0,168
5,1,3,9,0,168.0,162
5,1,3,10,0,162.0,170
5,1,3,11,0,170.0,172
5,1,3,12,1,172.0,650
5,1,3,1,1,650.0,324
5,1,3,2,1,324.0,176
5,1,3,3,1,176.0,2442
5,1,3,4,0,2442.0,188
5,1,3,5,0,188.0,160
5,1,3,6,0,160.0,166
5,1,3,7,1,166.0,442
5,1,3,8,0,442.0,196
5,1,3,9,0,196.0,196
5,1,3,10,0,196.0,140
5,1,3,11,0,140.0,180
5,1,3,12,1,180.0,500
5,1,4,1,1,0.0,456
5,1,4,2,1,456.0,172
5,1,4,3,1,172.0,2008
5,1,4,4,0,2008.0,170
5,1,4,5,0,170.0,188
5,1,4,6,0,188.0,136
5,1,4,7,1,136.0,358
5,1,4,8,0,358.0,182
5,1,4,9,0,182.0,122
5,1,4,10,0,122.0,200
5,1,4,11,0,200.0,156
5,1,4,12,1,156.0,528
5,1,4,1,1,528.0,342
5,1,4,2,1,342.0,150
5,1,4,3,1,150.0,2176
5,1,4,4,0,2176.0,178
5,1,4,5,0,178.0,126
5,1,4,6,0,126.0,174
5,1,4,7,1,174.0,438
5,1,4,8,0,438.0,218
5,1,4,9,0,218.0,136
5,1,4,10,0,136.0,180
5,1,4,11,0,180.0,196
5,1,4,12,1,196.0,718
5,1,4,1,1,718.0,224
5,1,4,2,1,224.0,132
5,1,4,3,1,132.0,1754
5,1,4,4,0,1754.0,178
5,1,4,5,0,178.0,166
5,1,4,6,0,166.0,158
5,1,4,7,1,158.0,308
5,1,4,8,0,308.0,174
5,1,4,9,0,174.0,158
5,1,4,10,0,158.0,164
5,1,4,11,0,164.0,142
5,1,4,12,1,142.0,692
5,1,4,1,1,692.0,368
5,1,4,2,1,368.0,134
5,1,4,3,1,134.0,2256
5,1,4,4,0,2256.0,128
5,1,4,5,0,128.0,206
5,1,4,6,0,206.0,182
5,1,4,7,1,182.0,470
5,1,4,8,0,470.0,138
5,1,4,9,0,138.0,164
5,1,4,10,0,164.0,140
5,1,4,11,0,140.0,174
5,1,4,12,1,174.0,694
5,1,4,1,1,694.0,394
5,1,4,2,1,394.0,156
5,1,4,3,1,156.0,2256
5,1,4,4,0,2256.0,136
5,1,4,5,0,136.0,180
5,1,4,6,0,180.0,224
5,1,4,7,1,224.0,384
5,1,4,8,0,384.0,186
5,1,4,9,0,186.0,170
5,1,4,10,0,170.0,158
5,1,4,11,0,158.0,148
5,1,4,12,1,148.0,674
5,1,4,1,1,674.0,294
5,1,4,2,1,294.0,156
5,1,4,3,1,156.0,2206
5,1,4,4,0,2206.0,162
5,1,4,5,0,162.0,150
5,1,4,6,0,150.0,128
5,1,4,7,1,128.0,398
5,1,4,8,0,398.0,184
5,1,4,9,0,184.0,172
5,1,4,10,0,172.0,184
5,1,4,11,0,184.0,170
5,1,4,12,1,170.0,546
5,1,4,1,1,546.0,298
5,1,4,2,1,298.0,182
5,1,4,3,1,182.0,2212
5,1,4,4,0,2212.0,144
5,1,4,5,0,144.0,212
5,1,4,6,0,212.0,176
5,1,4,7,1,176.0,452
5,1,4,8,0,452.0,172
5,1,4,9,0,172.0,190
5,1,4,10,0,190.0,184
5,1,4,11,0,184.0,172
5,1,4,12,1,172.0,606
5,1,4,1,1,606.0,246
5,1,4,2,1,246.0,162
5,1,4,3,1,162.0,2050
5,1,4,4,0,2050.0,160
5,1,4,5,0,160.0,178
5,1,4,6,0,178.0,142
5,1,4,7,1,142.0,458
5,1,4,8,0,458.0,140
5,1,4,9,0,140.0,120
5,1,4,10,0,120.0,164
5,1,4,11,0,164.0,146
5,1,4,12,1,146.0,488
5,3,2,1,1,0.0,396
5,3,2,2,1,396.0,166
5,3,2,3,1,166.0,2120
5,3,2,4,0,2120.0,80
5,3,2,5,0,80.0,156
5,3,2,6,0,156.0,170
5,3,2,7,1,170.0,212
5,3,2,8,0,212.0,202
5,3,2,9,0,202.0,182
5,3,2,10,0,182.0,178
5,3,2,11,0,178.0,174
5,3,2,12,1,174.0,612
5,3,2,1,1,612.0,290
5,3,2,2,1,290.0,196
5,3,2,3,1,196.0,2108
5,3,2,4,0,2108.0,142
5,3,2,5,0,142.0,170
5,3,2,6,0,170.0,196
5,3,2,7,1,196.0,174
5,3,2,8,0,174.0,194
5,3,2,9,0,194.0,180
5,3,2,10,0,180.0,238
5,3,2,11,0,238.0,198
5,3,2,12,1,198.0,754
5,3,2,1,1,754.0,280
5,3,2,2,1,280.0,190
5,3,2,3,1,190.0,2000
5,3,2,4,0,2000.0,130
5,3,2,5,0,130.0,196
5,3,2,6,0,196.0,146
5,3,2,7,1,146.0,174
5,3,2,8,0,174.0,190
5,3,2,9,0,190.0,158
5,3,2,10,0,158.0,194
5,3,2,11,0,194.0,150
5,3,2,12,1,150.0,686
5,3,2,1,1,686.0,256
5,3,2,2,1,256.0,204
5,3,2,3,1,204.0,1910
5,3,2,4,0,1910.0,208
5,3,2,5,0,208.0,166
5,3,2,6,0,166.0,172
5,3,2,7,1,172.0,192
5,3,2,8,0,192.0,188
5,3,2,9,0,188.0,132
5,3,2,10,0,132.0,154
5,3,2,11,0,154.0,186
5,3,2,12,1,186.0,528
5,3,2,1,1,528.0,272
5,3,2,2,1,272.0,194
5,3,2,3,1,194.0,1842
5,3,2,4,0,1842.0,152
5,3,2,5,0,152.0,168
5,3,2,6,0,168.0,154
5,3,2,7,1,154.0,170
5,3,2,8,0,170.0,200
5,3,2,9,0,200.0,142
5,3,2,10,0,142.0,186
5,3,2,11,0,186.0,144
5,3,2,12,1,144.0,738
5,3,2,1,1,738.0,378
5,3,2,2,1,378.0,148
5,3,2,3,1,148.0,2132
5,3,2,4,0,2132.0,160
5,3,2,5,0,160.0,200
5,3,2,6,0,200.0,164
5,3,2,7,1,164.0,146
5,3,2,8,0,146.0,224
5,3,2,9,0,224.0,148
5,3,2,10,0,148.0,168
5,3,2,11,0,168.0,146
5,3,2,12,1,146.0,546
5,3,2,1,1,546.0,338
5,3,2,2,1,338.0,150
5,3,2,3,1,150.0,2332
5,3,2,4,0,2332.0,194
5,3,2,5,0,194.0,192
5,3,2,6,0,192.0,196
5,3,2,7,1,196.0,154
5,3,2,8,0,154.0,204
5,3,2,9,0,204.0,182
5,3,2,10,0,182.0,214
5,3,2,11,0,214.0,164
5,3,2,12,1,164.0,528
5,3,2,1,1,528.0,332
5,3,2,2,1,332.0,162
5,3,2,3,1,162.0,2226
5,3,2,4,0,2226.0,162
5,3,2,5,0,162.0,152
5,3,2,6,0,152.0,198
5,3,2,7,1,198.0,136
5,3,2,8,0,136.0,196
5,3,2,9,0,196.0,168
5,3,2,10,0,168.0,160
5,3,2,11,0,160.0,188
5,3,2,12,1,188.0,560
5,3,3,1,1,0.0,212
5,3,3,2,1,212.0,176
5,3,3,3,1,176.0,2428
5,3,3,4,0,2428.0,192
5,3,3,5,0,192.0,178
5,3,3,6,0,178.0,154
5,3,3,7,1,154.0,172
5,3,3,8,0,172.0,114
5,3,3,9,0,114.0,162
5,3,3,10,0,162.0,152
5,3,3,11,0,152.0,202
5,3,3,12,1,202.0,612
5,3,3,1,1,612.0,266
5,3,3,2,1,266.0,146
5,3,3,3,1,146.0,2430
5,3,3,4,0,2430.0,140
5,3,3,5,0,140.0,128
5,3,3,6,0,128.0,158
5,3,3,7,1,158.0,162
5,3,3,8,0,162.0,132
5,3,3,9,0,132.0,182
5,3,3,10,0,182.0,254
5,3,3,11,0,254.0,200
5,3,3,12,1,200.0,702
5,3,3,1,1,702.0,334
5,3,3,2,1,334.0,192
5,3,3,3,1,192.0,2188
5,3,3,4,0,2188.0,152
5,3,3,5,0,152.0,202
5,3,3,6,0,202.0,136
5,3,3,7,1,136.0,146
5,3,3,8,0,146.0,172
5,3,3,9,0,172.0,150
5,3,3,10,0,150.0,152
5,3,3,11,0,152.0,166
5,3,3,12,1,166.0,752
5,3,3,1,1,752.0,336
5,3,3,2,1,336.0,138
5,3,3,3,1,138.0,2086
5,3,3,4,0,2086.0,176
5,3,3,5,0,176.0,174
5,3,3,6,0,174.0,168
5,3,3,7,1,168.0,186
5,3,3,8,0,186.0,150
5,3,3,9,0,150.0,188
5,3,3,10,0,188.0,234
5,3,3,11,0,234.0,184
5,3,3,12,1,184.0,518
5,3,3,1,1,518.0,342
5,3,3,2,1,342.0,174
5,3,3,3,1,174.0,1974
5,3,3,4,0,1974.0,180
5,3,3,5,0,180.0,228
5,3,3,6,0,228.0,172
5,3,3,7,1,172.0,154
5,3,3,8,0,154.0,172
5,3,3,9,0,172.0,204
5,3,3,10,0,204.0,212
5,3,3,11,0,212.0,150
5,3,3,12,1,150.0,548
5,3,3,1,1,548.0,364
5,3,3,2,1,364.0,148
5,3,3,3,1,148.0,2506
5,3,3,4,0,2506.0,124
5,3,3,5,0,124.0,174
5,3,3,6,0,174.0,204
5,3,3,7,1,204.0,164
5,3,3,8,0,164.0,206
5,3,3,9,0,206.0,182
5,3,3,10,0,182.0,198
5,3,3,11,0,198.0,136
5,3,3,12,1,136.0,848
5,3,3,1,1,848.0,336
5,3,3,2,1,336.0,166
5,3,3,3,1,166.0,2490
5,3,3,4,0,2490.0,134
5,3,3,5,0,134.0,172
5,3,3,6,0,172.0,148
5,3,3,7,1,148.0,162
5,3,3,8,0,162.0,194
5,3,3,9,0,194.0,150
5,3,3,10,0,150.0,182
5,3,3,11,0,182.0,196
5,3,3,12,1,196.0,528
5,3,3,1,1,528.0,384
5,3,3,2,1,384.0,148
5,3,3,3,1,148.0,2118
5,3,3,4,0,2118.0,158
5,3,3,5,0,158.0,210
5,3,3,6,0,210.0,126
5,3,3,7,1,126.0,194
5,3,3,8,0,194.0,230
5,3,3,9,0,230.0,168
5,3,3,10,0,168.0,150
5,3,3,11,0,150.0,160
5,3,3,12,1,160.0,522
5,3,4,1,1,0.0,234
5,3,4,2,1,234.0,140
5,3,4,3,1,140.0,2350
5,3,4,4,0,2350.0,122
5,3,4,5,0,122.0,182
5,3,4,6,0,182.0,138
5,3,4,7,1,138.0,146
5,3,4,8,0,146.0,126
5,3,4,9,0,126.0,220
5,3,4,10,0,220.0,176
5,3,4,11,0,176.0,172
5,3,4,12,1,172.0,634
5,3,4,1,1,634.0,198
5,3,4,2,1,198.0,106
5,3,4,3,1,106.0,1900
5,3,4,4,0,1900.0,190
5,3,4,5,0,190.0,192
5,3,4,6,0,192.0,144
5,3,4,7,1,144.0,146
5,3,4,8,0,146.0,142
5,3,4,9,0,142.0,124
5,3,4,10,0,124.0,126
5,3,4,11,0,126.0,176
5,3,4,12,1,176.0,728
5,3,4,1,1,728.0,386
5,3,4,2,1,386.0,170
5,3,4,3,1,170.0,2206
5,3,4,4,0,2206.0,154
5,3,4,5,0,154.0,168
5,3,4,6,0,168.0,154
5,3,4,7,1,154.0,156
5,3,4,8,0,156.0,186
5,3,4,9,0,186.0,210
5,3,4,10,0,210.0,156
5,3,4,11,0,156.0,182
5,3,4,12,1,182.0,600
5,3,4,1,1,600.0,312
5,3,4,2,1,312.0,164
5,3,4,3,1,164.0,2206
5,3,4,4,0,2206.0,192
5,3,4,5,0,192.0,150
5,3,4,6,0,150.0,130
5,3,4,7,1,130.0,158
5,3,4,8,0,158.0,156
5,3,4,9,0,156.0,184
5,3,4,10,0,184.0,178
5,3,4,11,0,178.0,138
5,3,4,12,1,138.0,562
5,3,4,1,1,562.0,290
5,3,4,2,1,290.0,202
5,3,4,3,1,202.0,1952
5,3,4,4,0,1952.0,184
5,3,4,5,0,184.0,148
5,3,4,6,0,148.0,162
5,3,4,7,1,162.0,188
5,3,4,8,0,188.0,210
5,3,4,9,0,210.0,224
5,3,4,10,0,224.0,196
5,3,4,11,0,196.0,196
5,3,4,12,1,196.0,652
5,3,4,1,1,652.0,300
5,3,4,2,1,300.0,184
5,3,4,3,1,184.0,1868
5,3,4,4,0,1868.0,154
5,3,4,5,0,154.0,192
5,3,4,6,0,192.0,152
5,3,4,7,1,152.0,216
5,3,4,8,0,216.0,164
5,3,4,9,0,164.0,178
5,3,4,10,0,178.0,146
5,3,4,11,0,146.0,182
5,3,4,12,1,182.0,644
5,3,4,1,1,644.0,378
5,3,4,2,1,378.0,162
5,3,4,3,1,162.0,1558
5,3,4,4,0,1558.0,166
5,3,4,5,0,166.0,142
5,3,4,6,0,142.0,172
5,3,4,7,1,172.0,180
5,3,4,8,0,180.0,198
5,3,4,9,0,198.0,184
5,3,4,10,0,184.0,200
5,3,4,11,0,200.0,136
5,3,4,12,1,136.0,746
5,3,4,1,1,746.0,426
5,3,4,2,1,426.0,106
5,3,4,3,1,106.0,2270
5,3,4,4,0,2270.0,154
5,3,4,5,0,154.0,144
5,3,4,6,0,144.0,196
5,3,4,7,1,196.0,148
5,3,4,8,0,148.0,166
5,3,4,9,0,166.0,196
5,3,4,10,0,196.0,182
5,3,4,11,0,182.0,94
5,3,4,12,1,94.0,860
6,1,0,1,1,0.0,308
6,1,0,2,1,308.0,122
6,1,0,3,1,122.0,2466
6,1,0,4,0,2466.0,140
6,1,0,5,0,140.0,180
6,1,0,6,0,180.0,180
6,1,0,7,1,180.0,386
6,1,0,8,0,386.0,192
6,1,0,9,0,192.0,174
6,1,0,10,0,174.0,230
6,1,0,11,0,230.0,138
6,1,0,12,1,138.0,800
6,1,0,1,1,800.0,264
6,1,0,2,1,264.0,196
6,1,0,3,1,196.0,2306
6,1,0,4,0,2306.0,178
6,1,0,5,0,178.0,206
6,1,0,6,0,206.0,192
6,1,0,7,1,192.0,434
6,1,0,8,0,434.0,142
6,1,0,9,0,142.0,150
6,1,0,10,0,150.0,148
6,1,0,11,0,148.0,146
6,1,0,12,1,146.0,718
6,1,0,1,1,718.0,282
6,1,0,2,1,282.0,120
6,1,0,3,1,120.0,2022
6,1,0,4,0,2022.0,168
6,1,0,5,0,168.0,106
6,1,0,6,0,106.0,212
6,1,0,7,1,212.0,290
6,1,0,8,0,290.0,164
6,1,0,9,0,164.0,176
6,1,0,10,0,176.0,164
6,1,0,11,0,164.0,168
6,1,0,12,1,168.0,730
6,1,0,1,1,730.0,346
6,1,0,2,1,346.0,150
6,1,0,3,1,150.0,1974
6,1,0,4,0,1974.0,204
6,1,0,5,0,204.0,190
6,1,0,6,0,190.0,206
6,1,0,7,1,206.0,398
6,1,0,8,0,398.0,156
6,1,0,9,0,156.0,212
6,1,0,10,0,212.0,194
6,1,0,11,0,194.0,132
6,1,0,12,1,132.0,584
6,1,0,1,1,584.0,286
6,1,0,2,1,286.0,118
6,1,0,3,1,118.0,2402
6,1,0,4,0,2402.0,138
6,1,0,5,0,138.0,204
6,1,0,6,0,204.0,172
6,1,0,7,1,172.0,262
6,1,0,8,0,262.0,184
6,1,0,9,0,184.0,152
6,1,0,10,0,152.0,176
6,1,0,11,0,176.0,142
6,1,0,12,1,142.0,714
6,1,0,1,1,714.0,356
6,1,0,2,1,356.0,170
6,1,0,3,1,170.0,1950
6,1,0,4,0,1950.0,216
6,1,0,5,0,216.0,146
6,1,0,6,0,146.0,168
6,1,0,7,1,168.0,420
6,1,0,8,0,420.0,154
6,1,0,9,0,154.0,134
6,1,0,10,0,134.0,164
6,1,0,11,0,164.0,128
6,1,0,12,1,128.0,558
6,1,0,1,1,558.0,230
6,1,0,2,1,230.0,116
6,1,0,3,1,116.0,1764
6,1,0,4,0,1764.0,184
6,1,0,5,0,184.0,190
6,1,0,6,0,190.0,152
6,1,0,7,1,152.0,572
6,1,0,8,0,572.0,132
6,1,0,9,0,132.0,148
6,1,0,10,0,148.0,212
6,1,0,11,0,212.0,158
6,1,0,12,1,158.0,718
6,1,0,1,1,718.0,298
6,1,0,2,1,298.0,134
6,1,0,3,1,134.0,2138
6,1,0,4,0,2138.0,164
6,1,0,5,0,164.0,200
6,1,0,6,0,200.0,182
6,1,0,7,1,182.0,450
6,1,0,8,0,450.0,154
6,1,0,9,0,154.0,144
6,1,0,10,0,144.0,144
6,1,0,11,0,144.0,138
6,1,0,12,1,138.0,836
6,1,1,1,1,0.0,396
6,1,1,2,1,396.0,166
6,1,1,3,1,166.0,1768
6,1,1,4,0,1768.0,86
6,1,1,5,0,86.0,194
6,1,1,6,0,194.0,134
6,1,1,7,1,134.0,340
6,1,1,8,0,340.0,114
6,1,1,9,0,114.0,178
6,1,1,10,0,178.0,150
6,1,1,11,0,150.0,214
6,1,1,12,1,214.0,714
6,1,1,1,1,714.0,312
6,1,1,2,1,312.0,160
6,1,1,3,1,160.0,2056
6,1,1,4,0,2056.0,178
6,1,1,5,0,178.0,136
6,1,1,6,0,136.0,146
6,1,1,7,1,146.0,274
6,1,1,8,0,274.0,180
6,1,1,9,0,180.0,158
6,1,1,10,0,158.0,178
6,1,1,11,0,178.0,156
6,1,1,12,1,156.0,490
6,1,1,1,1,490.0,234
6,1,1,2,1,234.0,144
6,1,1,3,1,144.0,2146
6,1,1,4,0,2146.0,132
6,1,1,5,0,132.0,122
6,1,1,6,0,122.0,162
6,1,1,7,1,162.0,336
6,1,1,8,0,336.0,156
6,1,1,9,0,156.0,198
6,1,1,10,0,198.0,152
6,1,1,11,0,152.0,216
6,1,1,12,1,216.0,614
6,1,1,1,1,614.0,296
6,1,1,2,1,296.0,164
6,1,1,3,1,164.0,2372
6,1,1,4,0,2372.0,212
6,1,1,5,0,212.0,156
6,1,1,6,0,156.0,156
6,1,1,7,1,156.0,464
6,1,1,8,0,464.0,192
6,1,1,9,0,192.0,170
6,1,1,10,0,170.0,208
6,1,1,11,0,208.0,140
6,1,1,12,1,140.0,852
6,1,1,1,1,852.0,152
6,1,1,2,1,152.0,156
6,1,1,3,1,156.0,2348
6,1,1,4,0,2348.0,154
6,1,1,5,0,154.0,162
6,1,1,6,0,162.0,234
6,1,1,7,1,234.0,344
6,1,1,8,0,344.0,232
6,1,1,9,0,232.0,116
6,1,1,10,0,116.0,148
6,1,1,11,0,148.0,214
6,1,1,12,1,214.0,682
6,1,1,1,1,682.0,260
6,1,1,2,1,260.0,178
6,1,1,3,1,178.0,1916
6,1,1,4,0,1916.0,128
6,1,1,5,0,128.0,200
6,1,1,6,0,200.0,160
6,1,1,7,1,160.0,390
6,1,1,8,0,390.0,184
6,1,1,9,0,184.0,138
6,1,1,10,0,138.0,140
6,1,1,11,0,140.0,182
6,1,1,12,1,182.0,650
6,1,1,1,1,650.0,304
6,1,1,2,1,304.0,162
6,1,1,3,1,162.0,1870
6,1,1,4,0,1870.0,168
6,1,1,5,0,168.0,184
6,1,1,6,0,184.0,162
6,1,1,7,1,162.0,368
6,1,1,8,0,368.0,186
6,1,1,9,0,186.0,110
6,1,1,10,0,110.0,170
6,1,1,11,0,170.0,180
6,1,1,12,1,180.0,566
6,1,1,1,1,566.0,350
6,1,1,2,1,350.0,116
6,1,1,3,1,116.0,2632
6,1,1,4,0,2632.0,220
6,1,1,5,0,220.0,160
6,1,1,6,0,160.0,186
6,1,1,7,1,186.0,460
6,1,1,8,0,460.0,246
6,1,1,9,0,246.0,162
6,1,1,10,0,162.0,160
6,1,1,11,0,160.0,154
6,1,1,12,1,154.0,572
6,3,0,1,1,0.0,318
6,3,0,2,1,318.0,146
6,3,0,3,1,146.0,2334
6,3,0,4,0,2334.0,134
6,3,0,5,0,134.0,192
6,3,0,6,0,192.0,168
6,3,0,7,1,168.0,222
6,3,0,8,0,222.0,190
6,3,0,9,0,190.0,212
6,3,0,10,0,212.0,234
6,3,0,11,0,234.0,152
6,3,0,12,1,152.0,568
6,3,0,1,1,568.0,248
6,3,0,2,1,248.0,164
6,3,0,3,1,164.0,2368
6,3,0,4,0,2368.0,120
6,3,0,5,0,120.0,152
6,3,0,6,0,152.0,192
6,3,0,7,1,192.0,132
6,3,0,8,0,132.0,146
6,3,0,9,0,146.0,204
6,3,0,10,0,204.0,194
6,3,0,11,0,194.0,132
6,3,0,12,1,132.0,978
6,3,0,1,1,978.0,362
6,3,0,2,1,362.0,118
6,3,0,3,1,118.0,2126
6,3,0,4,0,2126.0,176
6,3,0,5,0,176.0,146
6,3,0,6,0,146.0,152
6,3,0,7,1,152.0,186
6,3,0,8,0,186.0,162
6,3,0,9,0,162.0,158
6,3,0,10,0,158.0,164
6,3,0,11,0,164.0,156
6,3,0,12,1,156.0,508
6,3,0,1,1,508.0,244
6,3,0,2,1,244.0,142
6,3,0,3,1,142.0,2212
6,3,0,4,0,2212.0,174
6,3,0,5,0,174.0,132
6,3,0,6,0,132.0,156
6,3,0,7,1,156.0,178
6,3,0,8,0,178.0,190
6,3,0,9,0,190.0,164
6,3,0,10,0,164.0,192
6,3,0,11,0,192.0,138
6,3,0,12,1,138.0,638
6,3,0,1,1,638.0,290
6,3,0,2,1,290.0,80
6,3,0,3,1,80.0,2300
6,3,0,4,0,2300.0,172
6,3,0,5,0,172.0,210
6,3,0,6,0,210.0,164
6,3,0,7,1,164.0,196
6,3,0,8,0,196.0,160
6,3,0,9,0,160.0,210
6,3,0,10,0,210.0,170
6,3,0,11,0,170.0,176
6,3,0,12,1,176.0,620
6,3,0,1,1,620.0,482
6,3,0,2,1,482.0,194
6,3,0,3,1,194.0,1886
6,3,0,4,0,1886.0,176
6,3,0,5,0,176.0,170
6,3,0,6,0,170.0,164
6,3,0,7,1,164.0,128
6,3,0,8,0,128.0,120
6,3,0,9,0,120.0,184
6,3,0,10,0,184.0,192
6,3,0,11,0,192.0,134
6,3,0,12,1,134.0,574
6,3,0,1,1,574.0,416
6,3,0,2,1,416.0,162
6,3,0,3,1,162.0,2264
6,3,0,4,0,2264.0,180
6,3,0,5,0,180.0,204
6,3,0,6,0,204.0,210
6,3,0,7,1,210.0,174
6,3,0,8,0,174.0,172
6,3,0,9,0,172.0,168
6,3,0,10,0,168.0,200
6,3,0,11,0,200.0,126
6,3,0,12,1,126.0,928
6,3,0,1,1,928.0,242
6,3,0,2,1,242.0,218
6,3,0,3,1,218.0,2112
6,3,0,4,0,2112.0,112
6,3,0,5,0,112.0,142
6,3,0,6,0,142.0,168
6,3,0,7,1,168.0,170
6,3,0,8,0,170.0,128
6,3,0,9,0,128.0,184
6,3,0,10,0,184.0,186
6,3,0,11,0,186.0,134
6,3,0,12,1,134.0,570
6,3,1,1,1,0.0,346
6,3,1,2,1,346.0,150
6,3,1,3,1,150.0,2232
6,3,1,4,0,2232.0,164
6,3,1,5,0,164.0,178
6,3,1,6,0,178.0,158
6,3,1,7,1,158.0,156
6,3,1,8,0,156.0,150
6,3,1,9,0,150.0,144
6,3,1,10,0,144.0,204
6,3,1,11,0,204.0,202
6,3,1,12,1,202.0,648
6,3,1,1,1,648.0,314
6,3,1,2,1,314.0,128
6,3,1,3,1,128.0,1666
6,3,1,4,0,1666.0,212
6,3,1,5,0,212.0,164
6,3,1,6,0,164.0,176
6,3,1,7,1,176.0,202
6,3,1,8,0,202.0,190
6,3,1,9,0,190.0,196
6,3,1,10,0,196.0,174
6,3,1,11,0,174.0,166
6,3,1,12,1,166.0,528
6,3,1,1,1,528.0,444
6,3,1,2,1,444.0,162
6,3,1,3,1,162.0,2266
6,3,1,4,0,2266.0,156
6,3,1,5,0,156.0,138
6,3,1,6,0,138.0,190
6,3,1,7,1,190.0,180
6,3,1,8,0,180.0,184
6,3,1,9,0,184.0,190
6,3,1,10,0,190.0,196
6,3,1,11,0,196.0,164
6,3,1,12,1,164.0,794
6,3,1,1,1,794.0,398
6,3,1,2,1,398.0,138
6,3,1,3,1,138.0,1944
6,3,1,4,0,1944.0,110
6,3,1,5,0,110.0,166
6,3,1,6,0,166.0,188
6,3,1,7,1,188.0,194
6,3,1,8,0,194.0,188
6,3,1,9,0,188.0,124
6,3,1,10,0,124.0,178
6,3,1,11,0,178.0,184
6,3,1,12,1,184.0,772
6,3,1,1,1,772.0,256
6,3,1,2,1,256.0,180
6,3,1,3,1,180.0,1672
6,3,1,4,0,1672.0,166
6,3,1,5,0,166.0,162
6,3,1,6,0,162.0,164
6,3,1,7,1,164.0,180
6,3,1,8,0,180.0,204
6,3,1,9,0,204.0,220
6,3,1,10,0,220.0,212
6,3,1,11,0,212.0,206
6,3,1,12,1,206.0,538
6,3,1,1,1,538.0,326
6,3,1,2,1,326.0,124
6,3,1,3,1,124.0,2368
6,3,1,4,0,2368.0,130
6,3,1,5,0,130.0,162
6,3,1,6,0,162.0,146
6,3,1,7,1,146.0,146
6,3,1,8,0,146.0,154
6,3,1,9,0,154.0,186
6,3,1,10,0,186.0,122
6,3,1,11,0,122.0,220
6,3,1,12,1,220.0,636
6,3,1,1,1,636.0,308
6,3,1,2,1,308.0,144
6,3,1,3,1,144.0,2210
6,3,1,4,0,2210.0,188
6,3,1,5,0,188.0,156
6,3,1,6,0,156.0,174
6,3,1,7,1,174.0,104
6,3,1,8,0,104.0,202
6,3,1,9,0,202.0,182
6,3,1,10,0,182.0,184
6,3,1,11,0,184.0,154
6,3,1,12,1,154.0,594
6,3,1,1,1,594.0,372
6,3,1,2,1,372.0,210
6,3,1,3,1,210.0,2648
6,3,1,4,0,2648.0,204
6,3,1,5,0,204.0,212
6,3,1,6,0,212.0,156
6,3,1,7,1,156.0,208
6,3,1,8,0,208.0,158
6,3,1,9,0,158.0,158
6,3,1,10,0,158.0,148
6,3,1,11,0,148.0,190
6,3,1,12,1,190.0,638
7,1,2,1,1,0.0,268
7,1,2,2,1,268.0,164
7,1,2,3,1,164.0,2434
7,1,2,4,0,2434.0,146
7,1,2,5,0,146.0,160
7,1,2,6,0,160.0,158
7,1,2,7,1,158.0,388
7,1,2,8,0,388.0,160
7,1,2,9,0,160.0,206
7,1,2,10,0,206.0,130
7,1,2,11,0,130.0,170
7,1,2,12,1,170.0,468
7,1,2,1,1,468.0,322
7,1,2,2,1,322.0,194
7,1,2,3,1,194.0,2128
7,1,2,4,0,2128.0,198
7,1,2,5,0,198.0,136
7,1,2,6,0,136.0,194
7,1,2,7,1,194.0,348
7,1,2,8,0,348.0,246
7,1,2,9,0,246.0,208
7,1,2,10,0,208.0,236
7,1,2,11,0,236.0,186
7,1,2,12,1,186.0,534
7,1,2,1,1,534.0,350
7,1,2,2,1,350.0,160
7,1,2,3,1,160.0,2142
7,1,2,4,0,2142.0,160
7,1,2,5,0,160.0,164
7,1,2,6,0,164.0,158
7,1,2,7,1,158.0,468
7,1,2,8,0,468.0,166
7,1,2,9,0,166.0,146
7,1,2,10,0,146.0,166
7,1,2,11,0,166.0,142
7,1,2,12,1,142.0,772
7,1,2,1,1,772.0,284
7,1,2,2,1,284.0,102
7,1,2,3,1,102.0,2282
7,1,2,4,0,2282.0,154
7,1,2,5,0,154.0,122
7,1,2,6,0,122.0,162
7,1,2,7,1,162.0,480
7,1,2,8,0,480.0,184
7,1,2,9,0,184.0,146
7,1,2,10,0,146.0,182
7,1,2,11,0,182.0,196
7,1,2,12,1,196.0,560
7,1,2,1,1,560.0,306
7,1,2,2,1,306.0,174
7,1,2,3,1,174.0,2990
7,1,2,4,0,2990.0,182
7,1,2,5,0,182.0,194
7,1,2,6,0,194.0,168
7,1,2,7,1,168.0,316
7,1,2,8,0,316.0,224
7,1,2,9,0,224.0,160
7,1,2,10,0,160.0,144
7,1,2,11,0,144.0,162
7,1,2,12,1,162.0,794
7,1,2,1,1,794.0,368
7,1,2,2,1,368.0,122
7,1,2,3,1,122.0,2322
7,1,2,4,0,2322.0,154
7,1,2,5,0,154.0,182
7,1,2,6,0,182.0,150
7,1,2,7,1,150.0,540
7,1,2,8,0,540.0,174
7,1,2,9,0,174.0,114
7,1,2,10,0,114.0,132
7,1,2,11,0,132.0,158
7,1,2,12,1,158.0,498
7,1,2,1,1,498.0,396
7,1,2,2,1,396.0,182
7,1,2,3,1,182.0,1992
7,1,2,4,0,1992.0,180
7,1,2,5,0,180.0,170
7,1,2,6,0,170.0,182
7,1,2,7,1,182.0,520
7,1,2,8,0,520.0,148
7,1,2,9,0,148.0,184
7,1,2,10,0,184.0,214
7,1,2,11,0,214.0,192
7,1,2,12,1,192.0,704
7,1,2,1,1,704.0,300
7,1,2,2,1,300.0,84
7,1,2,3,1,84.0,1766
7,1,2,4,0,1766.0,148
7,1,2,5,0,148.0,156
7,1,2,6,0,156.0,140
7,1,2,7,1,140.0,332
7,1,2,8,0,332.0,180
7,1,2,9,0,180.0,146
7,1,2,10,0,146.0,166
7,1,2,11,0,166.0,124
7,1,2,12,1,124.0,456
7,1,3,1,1,0.0,204
7,1,3,2,1,204.0,156
7,1,3,3,1,156.0,1992
7,1,3,4,0,1992.0,170
7,1,3,5,0,170.0,128
7,1,3,6,0,128.0,148
7,1,3,7,1,148.0,392
7,1,3,8,0,392.0,168
7,1,3,9,0,168.0,128
7,1,3,10,0,128.0,194
7,1,3,11,0,194.0,184
7,1,3,12,1,184.0,784
7,1,3,1,1,784.0,242
7,1,3,2,1,242.0,156
7,1,3,3,1,156.0,2554
7,1,3,4,0,2554.0,136
7,1,3,5,0,136.0,174
7,1,3,6,0,174.0,180
7,1,3,7,1,180.0,368
7,1,3,8,0,368.0,234
7,1,3,9,0,234.0,142
7,1,3,10,0,142.0,142
7,1,3,11,0,142.0,130
7,1,3,12,1,130.0,1010
7,1,3,1,1,1010.0,246
7,1,3,2,1,246.0,156
7,1,3,3,1,156.0,1644
7,1,3,4,0,1644.0,164
7,1,3,5,0,164.0,116
7,1,3,6,0,116.0,110
7,1,3,7,1,110.0,280
7,1,3,8,0,280.0,124
7,1,3,9,0,124.0,162
7,1,3,10,0,162.0,180
7,1,3,11,0,180.0,152
7,1,3,12,1,152.0,586
7,1,3,1,1,586.0,274
7,1,3,2,1,274.0,208
7,1,3,3,1,208.0,1868
7,1,3,4,0,1868.0,156
7,1,3,5,0,156.0,194
7,1,3,6,0,194.0,134
7,1,3,7,1,134.0,286
7,1,3,8,0,286.0,192
7,1,3,9,0,192.0,198
7,1,3,10,0,198.0,162
7,1,3,11,0,162.0,122
7,1,3,12,1,122.0,680
7,1,3,1,1,680.0,288
7,1,3,2,1,288.0,140
7,1,3,3,1,140.0,2562
7,1,3,4,0,2562.0,148
7,1,3,5,0,148.0,142
7,1,3,6,0,142.0,192
7,1,3,7,1,192.0,500
7,1,3,8,0,500.0,198
7,1,3,9,0,198.0,164
7,1,3,10,0,164.0,168
7,1,3,11,0,168.0,218
7,1,3,12,1,218.0,586
7,1,3,1,1,586.0,374
7,1,3,2,1,374.0,178
7,1,3,3,1,178.0,2108
7,1,3,4,0,2108.0,202
7,1,3,5,0,202.0,160
7,1,3,6,0,160.0,190
7,1,3,7,1,190.0,416
7,1,3,8,0,416.0,144
7,1,3,9,0,144.0,176
7,1,3,10,0,176.0,200
7,1,3,11,0,200.0,192
7,1,3,12,1,192.0,698
7,1,3,1,1,698.0,370
7,1,3,2,1,370.0,180
7,1,3,3,1,180.0,2144
7,1,3,4,0,2144.0,210
7,1,3,5,0,210.0,208
7,1,3,6,0,208.0,126
7,1,3,7,1,126.0,406
7,1,3,8,0,406.0,158
7,1,3,9,0,158.0,214
7,1,3,10,0,214.0,144
7,1,3,11,0,144.0,184
7,1,3,12,1,184.0,624
7,1,3,1,1,624.0,302
7,1,3,2,1,302.0,174
7,1,3,3,1,174.0,1866
7,1,3,4,0,1866.0,162
7,1,3,5,0,162.0,182
7,1,3,6,0,182.0,168
7,1,3,7,1,168.0,326
7,1,3,8,0,326.0,156
7,1,3,9,0,156.0,196
7,1,3,10,0,196.0,168
7,1,3,11,0,168.0,156
7,1,3,12,1,156.0,666
7,4,2,1,1,0.0,188
7,4,2,2,1,188.0,148
7,4,2,3,1,148.0,1562
7,4,2,4,0,1562.0,158
7,4,2,5,0,158.0,186
7,4,2,6,0,186.0,168
7,4,2,7,1,168.0,154
7,4,2,8,0,154.0,216
7,4,2,9,0,216.0,182
7,4,2,10,0,182.0,160
7,4,2,11,0,160.0,146
7,4,2,12,1,146.0,204
7,4,2,1,1,204.0,208
7,4,2,2,1,208.0,110
7,4,2,3,1,110.0,2044
7,4,2,4,0,2044.0,166
7,4,2,5,0,166.0,148
7,4,2,6,0,148.0,184
7,4,2,7,1,184.0,180
7,4,2,8,0,180.0,140
7,4,2,9,0,140.0,184
7,4,2,10,0,184.0,194
7,4,2,11,0,194.0,200
7,4,2,12,1,200.0,178
7,4,2,1,1,178.0,156
7,4,2,2,1,156.0,170
7,4,2,3,1,170.0,2364
7,4,2,4,0,2364.0,250
7,4,2,5,0,250.0,198
7,4,2,6,0,198.0,172
7,4,2,7,1,172.0,166
7,4,2,8,0,166.0,188
7,4,2,9,0,188.0,204
7,4,2,10,0,204.0,194
7,4,2,11,0,194.0,186
7,4,2,12,1,186.0,176
7,4,2,1,1,176.0,202
7,4,2,2,1,202.0,150
7,4,2,3,1,150.0,2472
7,4,2,4,0,2472.0,186
7,4,2,5,0,186.0,140
7,4,2,6,0,140.0,178
7,4,2,7,1,178.0,212
7,4,2,8,0,212.0,190
7,4,2,9,0,190.0,168
7,4,2,10,0,168.0,224
7,4,2,11,0,224.0,136
7,4,2,12,1,136.0,196
7,4,2,1,1,196.0,150
7,4,2,2,1,150.0,126
7,4,2,3,1,126.0,1944
7,4,2,4,0,1944.0,162
7,4,2,5,0,162.0,158
7,4,2,6,0,158.0,138
7,4,2,7,1,138.0,198
7,4,2,8,0,198.0,192
7,4,2,9,0,192.0,132
7,4,2,10,0,132.0,178
7,4,2,11,0,178.0,216
7,4,2,12,1,216.0,168
7,4,2,1,1,168.0,176
7,4,2,2,1,176.0,156
7,4,2,3,1,156.0,2456
7,4,2,4,0,2456.0,158
7,4,2,5,0,158.0,194
7,4,2,6,0,194.0,156
7,4,2,7,1,156.0,158
7,4,2,8,0,158.0,200
7,4,2,9,0,200.0,144
7,4,2,10,0,144.0,152
7,4,2,11,0,152.0,138
7,4,2,12,1,138.0,114
7,4,2,1,1,114.0,138
7,4,2,2,1,138.0,190
7,4,2,3,1,190.0,2362
7,4,2,4,0,2362.0,192
7,4,2,5,0,192.0,152
7,4,2,6,0,152.0,196
7,4,2,7,1,196.0,172
7,4,2,8,0,172.0,188
7,4,2,9,0,188.0,160
7,4,2,10,0,160.0,212
7,4,2,11,0,212.0,174
7,4,2,12,1,174.0,154
7,4,2,1,1,154.0,130
7,4,2,2,1,130.0,142
7,4,2,3,1,142.0,1856
7,4,2,4,0,1856.0,160
7,4,2,5,0,160.0,130
7,4,2,6,0,130.0,130
7,4,2,7,1,130.0,180
7,4,2,8,0,180.0,180
7,4,2,9,0,180.0,154
7,4,2,10,0,154.0,170
7,4,2,11,0,170.0,166
7,4,2,12,1,166.0,124
7,4,3,1,1,0.0,180
7,4,3,2,1,180.0,148
7,4,3,3,1,148.0,2122
7,4,3,4,0,2122.0,122
7,4,3,5,0,122.0,170
7,4,3,6,0,170.0,176
7,4,3,7,1,176.0,156
7,4,3,8,0,156.0,126
7,4,3,9,0,126.0,158
7,4,3,10,0,158.0,156
7,4,3,11,0,156.0,216
7,4,3,12,1,216.0,206
7,4,3,1,1,206.0,192
7,4,3,2,1,192.0,156
7,4,3,3,1,156.0,2148
7,4,3,4,0,2148.0,168
7,4,3,5,0,168.0,188
7,4,3,6,0,188.0,166
7,4,3,7,1,166.0,164
7,4,3,8,0,164.0,170
7,4,3,9,0,170.0,212
7,4,3,10,0,212.0,162
7,4,3,11,0,162.0,220
7,4,3,12,1,220.0,172
7,4,3,1,1,172.0,170
7,4,3,2,1,170.0,102
7,4,3,3,1,102.0,2204
7,4,3,4,0,2204.0,162
7,4,3,5,0,162.0,146
7,4,3,6,0,146.0,160
7,4,3,7,1,160.0,170
7,4,3,8,0,170.0,200
7,4,3,9,0,200.0,140
7,4,3,10,0,140.0,200
7,4,3,11,0,200.0,150
7,4,3,12,1,150.0,198
7,4,3,1,1,198.0,174
7,4,3,2,1,174.0,182
7,4,3,3,1,182.0,2208
7,4,3,4,0,2208.0,156
7,4,3,5,0,156.0,218
7,4,3,6,0,218.0,142
7,4,3,7,1,142.0,214
7,4,3,8,0,214.0,146
7,4,3,9,0,146.0,186
7,4,3,10,0,186.0,174
7,4,3,11,0,174.0,130
7,4,3,12,1,130.0,234
7,4,3,1,1,234.0,128
7,4,3,2,1,128.0,152
7,4,3,3,1,152.0,2168
7,4,3,4,0,2168.0,176
7,4,3,5,0,176.0,206
7,4,3,6,0,206.0,200
7,4,3,7,1,200.0,148
7,4,3,8,0,148.0,210
7,4,3,9,0,210.0,176
7,4,3,10,0,176.0,184
7,4,3,11,0,184.0,218
7,4,3,12,1,218.0,196
7,4,3,1,1,196.0,176
7,4,3,2,1,176.0,128
7,4,3,3,1,128.0,1628
7,4,3,4,0,1628.0,210
7,4,3,5,0,210.0,192
7,4,3,6,0,192.0,194
7,4,3,7,1,194.0,154
7,4,3,8,0,154.0,250
7,4,3,9,0,250.0,136
7,4,3,10,0,136.0,170
7,4,3,11,0,170.0,192
7,4,3,12,1,192.0,184
7,4,3,1,1,184.0,124
7,4,3,2,1,124.0,166
7,4,3,3,1,166.0,1948
7,4,3,4,0,1948.0,192
7,4,3,5,0,192.0,204
7,4,3,6,0,204.0,220
7,4,3,7,1,220.0,178
7,4,3,8,0,178.0,168
7,4,3,9,0,168.0,198
7,4,3,10,0,198.0,164
7,4,3,11,0,164.0,158
7,4,3,12,1,158.0,194
7,4,3,1,1,194.0,158
7,4,3,2,1,158.0,200
7,4,3,3,1,200.0,2458
7,4,3,4,0,2458.0,152
7,4,3,5,0,152.0,156
7,4,3,6,0,156.0,172
7,4,3,7,1,172.0,170
7,4,3,8,0,170.0,144
7,4,3,9,0,144.0,148
7,4,3,10,0,148.0,120
7,4,3,11,0,120.0,128
7,4,3,12,1,128.0,158
8,0,2,1,1,0.0,170
8,0,2,2,1,170.0,166
8,0,2,3,1,166.0,210
8,0,2,4,0,210.0,176
8,0,2,5,0,176.0,146
8,0,2,6,0,146.0,154
8,0,2,7,1,154.0,188
8,0,2,8,0,188.0,176
8,0,2,9,0,176.0,166
8,0,2,10,0,166.0,132
8,0,2,11,0,132.0,142
8,0,2,12,1,142.0,184
8,0,2,1,1,184.0,182
8,0,2,2,1,182.0,128
8,0,2,3,1,128.0,168
8,0,2,4,0,168.0,158
8,0,2,5,0,158.0,148
8,0,2,6,0,148.0,134
8,0,2,7,1,134.0,186
8,0,2,8,0,186.0,160
8,0,2,9,0,160.0,190
8,0,2,10,0,190.0,180
8,0,2,11,0,180.0,184
8,0,2,12,1,184.0,194
8,0,2,1,1,194.0,140
8,0,2,2,1,140.0,190
8,0,2,3,1,190.0,174
8,0,2,4,0,174.0,140
8,0,2,5,0,140.0,184
8,0,2,6,0,184.0,178
8,0,2,7,1,178.0,200
8,0,2,8,0,200.0,204
8,0,2,9,0,204.0,144
8,0,2,10,0,144.0,154
8,0,2,11,0,154.0,174
8,0,2,12,1,174.0,180
8,0,2,1,1,180.0,168
8,0,2,2,1,168.0,148
8,0,2,3,1,148.0,152
8,0,2,4,0,152.0,136
8,0,2,5,0,136.0,188
8,0,2,6,0,188.0,172
8,0,2,7,1,172.0,188
8,0,2,8,0,188.0,168
8,0,2,9,0,168.0,184
8,0,2,10,0,184.0,188
8,0,2,11,0,188.0,168
8,0,2,12,1,168.0,180
8,0,2,1,1,180.0,188
8,0,2,2,1,188.0,126
8,0,2,3,1,126.0,140
8,0,2,4,0,140.0,202
8,0,2,5,0,202.0,140
8,0,2,6,0,140.0,144
8,0,2,7,1,144.0,178
8,0,2,8,0,178.0,152
8,0,2,9,0,152.0,166
8,0,2,10,0,166.0,176
8,0,2,11,0,176.0,158
8,0,2,12,1,158.0,192
8,0,2,1,1,192.0,176
8,0,2,2,1,176.0,104
8,0,2,3,1,104.0,192
8,0,2,4,0,192.0,118
8,0,2,5,0,118.0,188
8,0,2,6,0,188.0,150
8,0,2,7,1,150.0,188
8,0,2,8,0,188.0,130
8,0,2,9,0,130.0,142
8,0,2,10,0,142.0,196
8,0,2,11,0,196.0,140
8,0,2,12,1,140.0,252
8,0,2,1,1,252.0,144
8,0,2,2,1,144.0,172
8,0,2,3,1,172.0,114
8,0,2,4,0,114.0,200
8,0,2,5,0,200.0,222
8,0,2,6,0,222.0,182
8,0,2,7,1,182.0,222
8,0,2,8,0,222.0,170
8,0,2,9,0,170.0,182
8,0,2,10,0,182.0,188
8,0,2,11,0,188.0,170
8,0,2,12,1,170.0,160
8,0,2,1,1,160.0,170
8,0,2,2,1,170.0,124
8,0,2,3,1,124.0,170
8,0,2,4,0,170.0,174
8,0,2,5,0,174.0,204
8,0,2,6,0,204.0,222
8,0,2,7,1,222.0,170
8,0,2,8,0,170.0,162
8,0,2,9,0,162.0,190
8,0,2,10,0,190.0,172
8,0,2,11,0,172.0,138
8,0,2,12,1,138.0,138
8,0,5,1,1,0.0,198
8,0,5,2,1,198.0,162
8,0,5,3,1,162.0,152
8,0,5,4,0,152.0,172
8,0,5,5,0,172.0,192
8,0,5,6,0,192.0,152
8,0,5,7,1,152.0,180
8,0,5,8,0,180.0,192
8,0,5,9,0,192.0,196
8,0,5,10,0,196.0,188
8,0,5,11,0,188.0,178
8,0,5,12,1,178.0,188
8,0,5,1,1,188.0,170
8,0,5,2,1,170.0,150
8,0,5,3,1,150.0,176
8,0,5,4,0,176.0,170
8,0,5,5,0,170.0,152
8,0,5,6,0,152.0,190
8,0,5,7,1,190.0,190
8,0,5,8,0,190.0,134
8,0,5,9,0,134.0,154
8,0,5,10,0,154.0,182
8,0,5,11,0,182.0,140
8,0,5,12,1,140.0,154
8,0,5,1,1,154.0,164
8,0,5,2,1,164.0,186
8,0,5,3,1,186.0,176
8,0,5,4,0,176.0,138
8,0,5,5,0,138.0,170
8,0,5,6,0,170.0,180
8,0,5,7,1,180.0,180
8,0,5,8,0,180.0,196
8,0,5,9,0,196.0,178
8,0,5,10,0,178.0,202
8,0,5,11,0,202.0,180
8,0,5,12,1,180.0,168
8,0,5,1,1,168.0,212
8,0,5,2,1,212.0,142
8,0,5,3,1,142.0,228
8,0,5,4,0,228.0,128
8,0,5,5,0,128.0,158
8,0,5,6,0,158.0,162
8,0,5,7,1,162.0,198
8,0,5,8,0,198.0,190
8,0,5,9,0,190.0,220
8,0,5,10,0,220.0,134
8,0,5,11,0,134.0,126
8,0,5,12,1,126.0,188
8,0,5,1,1,188.0,168
8,0,5,2,1,168.0,160
8,0,5,3,1,160.0,152
8,0,5,4,0,152.0,180
8,0,5,5,0,180.0,170
8,0,5,6,0,170.0,154
8,0,5,7,1,154.0,158
8,0,5,8,0,158.0,210
8,0,5,9,0,210.0,158
8,0,5,10,0,158.0,178
8,0,5,11,0,178.0,178
8,0,5,12,1,178.0,186
8,0,5,1,1,186.0,156
8,0,5,2,1,156.0,152
8,0,5,3,1,152.0,214
8,0,5,4,0,214.0,122
8,0,5,5,0,122.0,158
8,0,5,6,0,158.0,186
8,0,5,7,1,186.0,176
8,0,5,8,0,176.0,184
8,0,5,9,0,184.0,190
8,0,5,10,0,190.0,200
8,0,5,11,0,200.0,156
8,0,5,12,1,156.0,126
8,0,5,1,1,126.0,156
8,0,5,2,1,156.0,174
8,0,5,3,1,174.0,156
8,0,5,4,0,156.0,198
8,0,5,5,0,198.0,206
8,0,5,6,0,206.0,146
8,0,5,7,1,146.0,188
8,0,5,8,0,188.0,168
8,0,5,9,0,168.0,164
8,0,5,10,0,164.0,164
8,0,5,11,0,164.0,144
8,0,5,12,1,144.0,202
8,0,5,1,1,202.0,142
8,0,5,2,1,142.0,142
8,0,5,3,1,142.0,198
8,0,5,4,0,198.0,180
8,0,5,5,0,180.0,184
8,0,5,6,0,184.0,168
8,0,5,7,1,168.0,168
8,0,5,8,0,168.0,134
8,0,5,9,0,134.0,166
8,0,5,10,0,166.0,156
8,0,5,11,0,156.0,158
8,0,5,12,1,158.0,184
8,3,2,1,1,0.0,322
8,3,2,2,1,322.0,818
8,3,2,3,1,818.0,134
8,3,2,4,0,134.0,150
8,3,2,5,0,150.0,184
8,3,2,6,0,184.0,150
8,3,2,7,1,150.0,148
8,3,2,8,0,148.0,186
8,3,2,9,0,186.0,208
8,3,2,10,0,208.0,166
8,3,2,11,0,166.0,146
8,3,2,12,1,146.0,664
8,3,2,1,1,664.0,234
8,3,2,2,1,234.0,562
8,3,2,3,1,562.0,202
8,3,2,4,0,202.0,206
8,3,2,5,0,206.0,154
8,3,2,6,0,154.0,168
8,3,2,7,1,168.0,194
8,3,2,8,0,194.0,200
8,3,2,9,0,200.0,144
8,3,2,10,0,144.0,120
8,3,2,11,0,120.0,140
8,3,2,12,1,140.0,806
8,3,2,1,1,806.0,442
8,3,2,2,1,442.0,516
8,3,2,3,1,516.0,210
8,3,2,4,0,210.0,172
8,3,2,5,0,172.0,166
8,3,2,6,0,166.0,182
8,3,2,7,1,182.0,140
8,3,2,8,0,140.0,148
8,3,2,9,0,148.0,152
8,3,2,10,0,152.0,142
8,3,2,11,0,142.0,186
8,3,2,12,1,186.0,624
8,3,2,1,1,624.0,366
8,3,2,2,1,366.0,610
8,3,2,3,1,610.0,180
8,3,2,4,0,180.0,94
8,3,2,5,0,94.0,202
8,3,2,6,0,202.0,148
8,3,2,7,1,148.0,150
8,3,2,8,0,150.0,184
8,3,2,9,0,184.0,160
8,3,2,10,0,160.0,186
8,3,2,11,0,186.0,152
8,3,2,12,1,152.0,622
8,3,2,1,1,622.0,314
8,3,2,2,1,314.0,398
8,3,2,3,1,398.0,202
8,3,2,4,0,202.0,146
8,3,2,5,0,146.0,214
8,3,2,6,0,214.0,156
8,3,2,7,1,156.0,162
8,3,2,8,0,162.0,140
8,3,2,9,0,140.0,158
8,3,2,10,0,158.0,178
8,3,2,11,0,178.0,158
8,3,2,12,1,158.0,916
8,3,2,1,1,916.0,292
8,3,2,2,1,292.0,418
8,3,2,3,1,418.0,210
8,3,2,4,0,210.0,186
8,3,2,5,0,186.0,148
8,3,2,6,0,148.0,188
8,3,2,7,1,188.0,188
8,3,2,8,0,188.0,194
8,3,2,9,0,194.0,150
8,3,2,10,0,150.0,134
8,3,2,11,0,134.0,184
8,3,2,12,1,184.0,482
8,3,2,1,1,482.0,376
8,3,2,2,1,376.0,604
8,3,2,3,1,604.0,200
8,3,2,4,0,200.0,118
8,3,2,5,0,118.0,192
8,3,2,6,0,192.0,212
8,3,2,7,1,212.0,158
8,3,2,8,0,158.0,162
8,3,2,9,0,162.0,184
8,3,2,10,0,184.0,174
8,3,2,11,0,174.0,124
8,3,2,12,1,124.0,808
8,3,2,1,1,808.0,432
8,3,2,2,1,432.0,472
8,3,2,3,1,472.0,164
8,3,2,4,0,164.0,146
8,3,2,5,0,146.0,174
8,3,2,6,0,174.0,132
8,3,2,7,1,132.0,190
8,3,2,8,0,190.0,180
8,3,2,9,0,180.0,168
8,3,2,10,0,168.0,232
8,3,2,11,0,232.0,164
8,3,2,12,1,164.0,598
8,3,5,1,1,0.0,286
8,3,5,2,1,286.0,538
8,3,5,3,1,538.0,178
8,3,5,4,0,178.0,128
8,3,5,5,0,128.0,144
8,3,5,6,0,144.0,152
8,3,5,7,1,152.0,194
8,3,5,8,0,194.0,168
8,3,5,9,0,168.0,198
8,3,5,10,0,198.0,134
8,3,5,11,0,134.0,200
8,3,5,12,1,200.0,342
8,3,5,1,1,342.0,232
8,3,5,2,1,232.0,504
8,3,5,3,1,504.0,206
8,3,5,4,0,206.0,182
8,3,5,5,0,182.0,204
8,3,5,6,0,204.0,176
8,3,5,7,1,176.0,164
8,3,5,8,0,164.0,146
8,3,5,9,0,146.0,170
8,3,5,10,0,170.0,152
8,3,5,11,0,152.0,194
8,3,5,12,1,194.0,822
8,3,5,1,1,822.0,246
8,3,5,2,1,246.0,526
8,3,5,3,1,526.0,156
8,3,5,4,0,156.0,164
8,3,5,5,0,164.0,148
8,3,5,6,0,148.0,164
8,3,5,7,1,164.0,174
8,3,5,8,0,174.0,146
8,3,5,9,0,146.0,154
8,3,5,10,0,154.0,204
8,3,5,11,0,204.0,168
8,3,5,12,1,168.0,888
8,3,5,1,1,888.0,440
8,3,5,2,1,440.0,532
8,3,5,3,1,532.0,164
8,3,5,4,0,164.0,176
8,3,5,5,0,176.0,212
8,3,5,6,0,212.0,146
8,3,5,7,1,146.0,168
8,3,5,8,0,168.0,232
8,3,5,9,0,232.0,206
8,3,5,10,0,206.0,188
8,3,5,11,0,188.0,174
8,3,5,12,1,174.0,684
8,3,5,1,1,684.0,476
8,3,5,2,1,476.0,666
8,3,5,3,1,666.0,136
8,3,5,4,0,136.0,126
8,3,5,5,0,126.0,212
8,3,5,6,0,212.0,212
8,3,5,7,1,212.0,222
8,3,5,8,0,222.0,228
8,3,5,9,0,228.0,192
8,3,5,10,0,192.0,190
8,3,5,11,0,190.0,222
8,3,5,12,1,222.0,896
8,3,5,1,1,896.0,396
8,3,5,2,1,396.0,292
8,3,5,3,1,292.0,194
8,3,5,4,0,194.0,170
8,3,5,5,0,170.0,134
8,3,5,6,0,134.0,166
8,3,5,7,1,166.0,186
8,3,5,8,0,186.0,158
8,3,5,9,0,158.0,162
8,3,5,10,0,162.0,182
8,3,5,11,0,182.0,208
8,3,5,12,1,208.0,702
8,3,5,1,1,702.0,282
8,3,5,2,1,282.0,616
8,3,5,3,1,616.0,148
8,3,5,4,0,148.0,100
8,3,5,5,0,100.0,168
8,3,5,6,0,168.0,130
8,3,5,7,1,130.0,158
8,3,5,8,0,158.0,174
8,3,5,9,0,174.0,158
8,3,5,10,0,158.0,176
8,3,5,11,0,176.0,122
8,3,5,12,1,122.0,574
8,3,5,1,1,574.0,218
8,3,5,2,1,218.0,900
8,3,5,3,1,900.0,162
8,3,5,4,0,162.0,170
8,3,5,5,0,170.0,190
8,3,5,6,0,190.0,216
8,3,5,7,1,216.0,184
8,3,5,8,0,184.0,168
8,3,5,9,0,168.0,160
8,3,5,10,0,160.0,194
8,3,5,11,0,194.0,102
8,3,5,12,1,102.0,460
9,0,3,1,1,0.0,208
9,0,3,2,1,208.0,126
9,0,3,3,1,126.0,152
9,0,3,4,0,152.0,158
9,0,3,5,0,158.0,216
9,0,3,6,0,216.0,186
9,0,3,7,1,186.0,156
9,0,3,8,0,156.0,190
9,0,3,9,0,190.0,170
9,0,3,10,0,170.0,118
9,0,3,11,0,118.0,168
9,0,3,12,1,168.0,168
9,0,3,1,1,168.0,182
9,0,3,2,1,182.0,118
9,0,3,3,1,118.0,186
9,0,3,4,0,186.0,192
9,0,3,5,0,192.0,214
9,0,3,6,0,214.0,176
9,0,3,7,1,176.0,218
9,0,3,8,0,218.0,152
9,0,3,9,0,152.0,142
9,0,3,10,0,142.0,220
9,0,3,11,0,220.0,158
9,0,3,12,1,158.0,190
9,0,3,1,1,190.0,172
9,0,3,2,1,172.0,202
9,0,3,3,1,202.0,158
9,0,3,4,0,158.0,172
9,0,3,5,0,172.0,196
9,0,3,6,0,196.0,186
9,0,3,7,1,186.0,140
9,0,3,8,0,140.0,186
9,0,3,9,0,186.0,168
9,0,3,10,0,168.0,172
9,0,3,11,0,172.0,150
9,0,3,12,1,150.0,214
9,0,3,1,1,214.0,262
9,0,3,2,1,262.0,182
9,0,3,3,1,182.0,170
9,0,3,4,0,170.0,120
9,0,3,5,0,120.0,178
9,0,3,6,0,178.0,146
9,0,3,7,1,146.0,206
9,0,3,8,0,206.0,158
9,0,3,9,0,158.0,136
9,0,3,10,0,136.0,128
9,0,3,11,0,128.0,182
9,0,3,12,1,182.0,154
9,0,3,1,1,154.0,144
9,0,3,2,1,144.0,148
9,0,3,3,1,148.0,174
9,0,3,4,0,174.0,218
9,0,3,5,0,218.0,148
9,0,3,6,0,148.0,174
9,0,3,7,1,174.0,182
9,0,3,8,0,182.0,182
9,0,3,9,0,182.0,152
9,0,3,10,0,152.0,156
9,0,3,11,0,156.0,138
9,0,3,12,1,138.0,178
9,0,3,1,1,178.0,156
9,0,3,2,1,156.0,140
9,0,3,3,1,140.0,158
9,0,3,4,0,158.0,152
9,0,3,5,0,152.0,202
9,0,3,6,0,202.0,170
9,0,3,7,1,170.0,212
9,0,3,8,0,212.0,142
9,0,3,9,0,142.0,134
9,0,3,10,0,134.0,192
9,0,3,11,0,192.0,130
9,0,3,12,1,130.0,174
9,0,3,1,1,174.0,94
9,0,3,2,1,94.0,186
9,0,3,3,1,186.0,162
9,0,3,4,0,162.0,154
9,0,3,5,0,154.0,198
9,0,3,6,0,198.0,196
9,0,3,7,1,196.0,176
9,0,3,8,0,176.0,170
9,0,3,9,0,170.0,154
9,0,3,10,0,154.0,196
9,0,3,11,0,196.0,170
9,0,3,12,1,170.0,186
9,0,3,1,1,186.0,194
9,0,3,2,1,194.0,172
9,0,3,3,1,172.0,158
9,0,3,4,0,158.0,172
9,0,3,5,0,172.0,198
9,0,3,6,0,198.0,206
9,0,3,7,1,206.0,158
9,0,3,8,0,158.0,184
9,0,3,9,0,184.0,166
9,0,3,10,0,166.0,188
9,0,3,11,0,188.0,174
9,0,3,12,1,174.0,178
9,0,4,1,1,0.0,152
9,0,4,2,1,152.0,156
9,0,4,3,1,156.0,218
9,0,4,4,0,218.0,142
9,0,4,5,0,142.0,168
9,0,4,6,0,168.0,210
9,0,4,7,1,210.0,154
9,0,4,8,0,154.0,186
9,0,4,9,0,186.0,204
9,0,4,10,0,204.0,142
9,0,4,11,0,142.0,168
9,0,4,12,1,168.0,170
9,0,4,1,1,170.0,208
9,0,4,2,1,208.0,118
9,0,4,3,1,118.0,136
9,0,4,4,0,136.0,216
9,0,4,5,0,216.0,158
9,0,4,6,0,158.0,168
9,0,4,7,1,168.0,196
9,0,4,8,0,196.0,172
9,0,4,9,0,172.0,212
9,0,4,10,0,212.0,154
9,0,4,11,0,154.0,214
9,0,4,12,1,214.0,148
9,0,4,1,1,148.0,204
9,0,4,2,1,204.0,140
9,0,4,3,1,140.0,152
9,0,4,4,0,152.0,170
9,0,4,5,0,170.0,186
9,0,4,6,0,186.0,190
9,0,4,7,1,190.0,148
9,0,4,8,0,148.0,118
9,0,4,9,0,118.0,176
9,0,4,10,0,176.0,160
9,0,4,11,0,160.0,156
9,0,4,12,1,156.0,204
9,0,4,1,1,204.0,188
9,0,4,2,1,188.0,152
9,0,4,3,1,152.0,154
9,0,4,4,0,154.0,168
9,0,4,5,0,168.0,144
9,0,4,6,0,144.0,184
9,0,4,7,1,184.0,162
9,0,4,8,0,162.0,154
9,0,4,9,0,154.0,216
9,0,4,10,0,216.0,146
9,0,4,11,0,146.0,160
9,0,4,12,1,160.0,222
9,0,4,1,1,222.0,172
9,0,4,2,1,172.0,184
9,0,4,3,1,184.0,162
9,0,4,4,0,162.0,138
9,0,4,5,0,138.0,248
9,0,4,6,0,248.0,214
9,0,4,7,1,214.0,206
9,0,4,8,0,206.0,190
9,0,4,9,0,190.0,188
9,0,4,10,0,188.0,138
9,0,4,11,0,138.0,146
9,0,4,12,1,146.0,174
9,0,4,1,1,174.0,190
9,0,4,2,1,190.0,112
9,0,4,3,1,112.0,150
9,0,4,4,0,150.0,204
9,0,4,5,0,204.0,202
9,0,4,6,0,202.0,178
9,0,4,7,1,178.0,164
9,0,4,8,0,164.0,170
9,0,4,9,0,170.0,190
9,0,4,10,0,190.0,164
9,0,4,11,0,164.0,194
9,0,4,12,1,194.0,216
9,0,4,1,1,216.0,160
9,0,4,2,1,160.0,108
9,0,4,3,1,108.0,186
9,0,4,4,0,186.0,132
9,0,4,5,0,132.0,194
9,0,4,6,0,194.0,176
9,0,4,7,1,176.0,158
9,0,4,8,0,158.0,208
9,0,4,9,0,208.0,116
9,0,4,10,0,116.0,162
9,0,4,11,0,162.0,134
9,0,4,12,1,134.0,230
9,0,4,1,1,230.0,154
9,0,4,2,1,154.0,184
9,0,4,3,1,184.0,200
9,0,4,4,0,200.0,178
9,0,4,5,0,178.0,200
9,0,4,6,0,200.0,158
9,0,4,7,1,158.0,174
9,0,4,8,0,174.0,112
9,0,4,9,0,112.0,174
9,0,4,10,0,174.0,136
9,0,4,11,0,136.0,190
9,0,4,12,1,190.0,180
9,1,3,1,1,0.0,288
9,1,3,2,1,288.0,946
9,1,3,3,1,946.0,178
9,1,3,4,0,178.0,182
9,1,3,5,0,182.0,142
9,1,3,6,0,142.0,182
9,1,3,7,1,182.0,498
9,1,3,8,0,498.0,162
9,1,3,9,0,162.0,138
9,1,3,10,0,138.0,170
9,1,3,11,0,170.0,194
9,1,3,12,1,194.0,572
9,1,3,1,1,572.0,356
9,1,3,2,1,356.0,680
9,1,3,3,1,680.0,176
9,1,3,4,0,176.0,160
9,1,3,5,0,160.0,172
9,1,3,6,0,172.0,130
9,1,3,7,1,130.0,308
9,1,3,8,0,308.0,148
9,1,3,9,0,148.0,180
9,1,3,10,0,180.0,190
9,1,3,11,0,190.0,192
9,1,3,12,1,192.0,618
9,1,3,1,1,618.0,378
9,1,3,2,1,378.0,352
9,1,3,3,1,352.0,132
9,1,3,4,0,132.0,202
9,1,3,5,0,202.0,162
9,1,3,6,0,162.0,116
9,1,3,7,1,116.0,514
9,1,3,8,0,514.0,196
9,1,3,9,0,196.0,172
9,1,3,10,0,172.0,164
9,1,3,11,0,164.0,156
9,1,3,12,1,156.0,666
9,1,3,1,1,666.0,246
9,1,3,2,1,246.0,624
9,1,3,3,1,624.0,140
9,1,3,4,0,140.0,156
9,1,3,5,0,156.0,142
9,1,3,6,0,142.0,136
9,1,3,7,1,136.0,310
9,1,3,8,0,310.0,180
9,1,3,9,0,180.0,176
9,1,3,10,0,176.0,168
9,1,3,11,0,168.0,186
9,1,3,12,1,186.0,678
9,1,3,1,1,678.0,336
9,1,3,2,1,336.0,258
9,1,3,3,1,258.0,196
9,1,3,4,0,196.0,156
9,1,3,5,0,156.0,160
9,1,3,6,0,160.0,170
9,1,3,7,1,170.0,292
9,1,3,8,0,292.0,124
9,1,3,9,0,124.0,146
9,1,3,10,0,146.0,206
9,1,3,11,0,206.0,144
9,1,3,12,1,144.0,632
9,1,3,1,1,632.0,228
9,1,3,2,1,228.0,578
9,1,3,3,1,578.0,210
9,1,3,4,0,210.0,166
9,1,3,5,0,166.0,158
9,1,3,6,0,158.0,236
9,1,3,7,1,236.0,348
9,1,3,8,0,348.0,154
9,1,3,9,0,154.0,140
9,1,3,10,0,140.0,164
9,1,3,11,0,164.0,172
9,1,3,12,1,172.0,780
9,1,3,1,1,780.0,336
9,1,3,2,1,336.0,732
9,1,3,3,1,732.0,160
9,1,3,4,0,160.0,252
9,1,3,5,0,252.0,144
9,1,3,6,0,144.0,156
9,1,3,7,1,156.0,382
9,1,3,8,0,382.0,158
9,1,3,9,0,158.0,184
9,1,3,10,0,184.0,130
9,1,3,11,0,130.0,142
9,1,3,12,1,142.0,524
9,1,3,1,1,524.0,296
9,1,3,2,1,296.0,484
9,1,3,3,1,484.0,184
9,1,3,4,0,184.0,190
9,1,3,5,0,190.0,166
9,1,3,6,0,166.0,138
9,1,3,7,1,138.0,514
9,1,3,8,0,514.0,176
9,1,3,9,0,176.0,160
9,1,3,10,0,160.0,170
9,1,3,11,0,170.0,240
9,1,3,12,1,240.0,704
9,1,4,1,1,0.0,322
9,1,4,2,1,322.0,836
9,1,4,3,1,836.0,132
9,1,4,4,0,132.0,166
9,1,4,5,0,166.0,190
9,1,4,6,0,190.0,210
9,1,4,7,1,210.0,630
9,1,4,8,0,630.0,130
9,1,4,9,0,130.0,186
9,1,4,10,0,186.0,166
9,1,4,11,0,166.0,200
9,1,4,12,1,200.0,554
9,1,4,1,1,554.0,466
9,1,4,2,1,466.0,494
9,1,4,3,1,494.0,216
9,1,4,4,0,216.0,158
9,1,4,5,0,158.0,202
9,1,4,6,0,202.0,190
9,1,4,7,1,190.0,380
9,1,4,8,0,380.0,130
9,1,4,9,0,130.0,176
9,1,4,10,0,176.0,140
9,1,4,11,0,140.0,204
9,1,4,12,1,204.0,696
9,1,4,1,1,696.0,452
9,1,4,2,1,452.0,588
9,1,4,3,1,588.0,202
9,1,4,4,0,202.0,200
9,1,4,5,0,200.0,166
9,1,4,6,0,166.0,182
9,1,4,7,1,182.0,462
9,1,4,8,0,462.0,140
9,1,4,9,0,140.0,224
9,1,4,10,0,224.0,182
9,1,4,11,0,182.0,160
9,1,4,12,1,160.0,800
9,1,4,1,1,800.0,246
9,1,4,2,1,246.0,644
9,1,4,3,1,644.0,170
9,1,4,4,0,170.0,184
9,1,4,5,0,184.0,146
9,1,4,6,0,146.0,186
9,1,4,7,1,186.0,426
9,1,4,8,0,426.0,150
9,1,4,9,0,150.0,182
9,1,4,10,0,182.0,178
9,1,4,11,0,178.0,132
9,1,4,12,1,132.0,772
9,1,4,1,1,772.0,264
9,1,4,2,1,264.0,620
9,1,4,3,1,620.0,182
9,1,4,4,0,182.0,168
9,1,4,5,0,168.0,156
9,1,4,6,0,156.0,194
9,1,4,7,1,194.0,296
9,1,4,8,0,296.0,180
9,1,4,9,0,180.0,164
9,1,4,10,0,164.0,162
9,1,4,11,0,162.0,174
9,1,4,12,1,174.0,728
9,1,4,1,1,728.0,258
9,1,4,2,1,258.0,588
9,1,4,3,1,588.0,156
9,1,4,4,0,156.0,138
9,1,4,5,0,138.0,178
9,1,4,6,0,178.0,170
9,1,4,7,1,170.0,436
9,1,4,8,0,436.0,206
9,1,4,9,0,206.0,152
9,1,4,10,0,152.0,186
9,1,4,11,0,186.0,152
9,1,4,12,1,152.0,772
9,1,4,1,1,772.0,204
9,1,4,2,1,204.0,718
9,1,4,3,1,718.0,132
9,1,4,4,0,132.0,166
9,1,4,5,0,166.0,192
9,1,4,6,0,192.0,214
9,1,4,7,1,214.0,606
9,1,4,8,0,606.0,134
9,1,4,9,0,134.0,160
9,1,4,10,0,160.0,208
9,1,4,11,0,208.0,192
9,1,4,12,1,192.0,632
9,1,4,1,1,632.0,374
9,1,4,2,1,374.0,454
9,1,4,3,1,454.0,160
9,1,4,4,0,160.0,104
9,1,4,5,0,104.0,226
9,1,4,6,0,226.0,144
9,1,4,7,1,144.0,422
9,1,4,8,0,422.0,158
9,1,4,9,0,158.0,150
9,1,4,10,0,150.0,162
9,1,4,11,0,162.0,134
9,1,4,12,1,134.0,302
9,3,3,1,1,0.0,284
9,3,3,2,1,284.0,718
9,3,3,3,1,718.0,194
9,3,3,4,0,194.0,182
9,3,3,5,0,182.0,210
9,3,3,6,0,210.0,132
9,3,3,7,1,132.0,190
9,3,3,8,0,190.0,132
9,3,3,9,0,132.0,134
9,3,3,10,0,134.0,120
9,3,3,11,0,120.0,184
9,3,3,12,1,184.0,554
9,3,3,1,1,554.0,244
9,3,3,2,1,244.0,474
9,3,3,3,1,474.0,218
9,3,3,4,0,218.0,144
9,3,3,5,0,144.0,98
9,3,3,6,0,98.0,170
9,3,3,7,1,170.0,162
9,3,3,8,0,162.0,206
9,3,3,9,0,206.0,172
9,3,3,10,0,172.0,154
9,3,3,11,0,154.0,204
9,3,3,12,1,204.0,826
9,3,3,1,1,826.0,258
9,3,3,2,1,258.0,608
9,3,3,3,1,608.0,166
9,3,3,4,0,166.0,166
9,3,3,5,0,166.0,160
9,3,3,6,0,160.0,182
9,3,3,7,1,182.0,172
9,3,3,8,0,172.0,214
9,3,3,9,0,214.0,168
9,3,3,10,0,168.0,206
9,3,3,11,0,206.0,110
9,3,3,12,1,110.0,764
9,3,3,1,1,764.0,364
9,3,3,2,1,364.0,502
9,3,3,3,1,502.0,182
9,3,3,4,0,182.0,186
9,3,3,5,0,186.0,238
9,3,3,6,0,238.0,170
9,3,3,7,1,170.0,154
9,3,3,8,0,154.0,188
9,3,3,9,0,188.0,154
9,3,3,10,0,154.0,208
9,3,3,11,0,208.0,172
9,3,3,12,1,172.0,718
9,3,3,1,1,718.0,288
9,3,3,2,1,288.0,536
9,3,3,3,1,536.0,212
9,3,3,4,0,212.0,152
9,3,3,5,0,152.0,152
9,3,3,6,0,152.0,184
9,3,3,7,1,184.0,166
9,3,3,8,0,166.0,178
9,3,3,9,0,178.0,184
9,3,3,10,0,184.0,136
9,3,3,11,0,136.0,138
9,3,3,12,1,138.0,778
9,3,3,1,1,778.0,406
9,3,3,2,1,406.0,444
9,3,3,3,1,444.0,160
9,3,3,4,0,160.0,140
9,3,3,5,0,140.0,144
9,3,3,6,0,144.0,184
9,3,3,7,1,184.0,164
9,3,3,8,0,164.0,190
9,3,3,9,0,190.0,144
9,3,3,10,0,144.0,194
9,3,3,11,0,194.0,162
9,3,3,12,1,162.0,644
9,3,3,1,1,644.0,320
9,3,3,2,1,320.0,324
9,3,3,3,1,324.0,156
9,3,3,4,0,156.0,192
9,3,3,5,0,192.0,176
9,3,3,6,0,176.0,156
9,3,3,7,1,156.0,194
9,3,3,8,0,194.0,158
9,3,3,9,0,158.0,134
9,3,3,10,0,134.0,154
9,3,3,11,0,154.0,162
9,3,3,12,1,162.0,714
9,3,3,1,1,714.0,240
9,3,3,2,1,240.0,530
9,3,3,3,1,530.0,198
9,3,3,4,0,198.0,210
9,3,3,5,0,210.0,140
9,3,3,6,0,140.0,190
9,3,3,7,1,190.0,88
9,3,3,8,0,88.0,190
9,3,3,9,0,190.0,162
9,3,3,10,0,162.0,142
9,3,3,11,0,142.0,154
9,3,3,12,1,154.0,688
9,3,4,1,1,0.0,406
9,3,4,2,1,406.0,708
9,3,4,3,1,708.0,164
9,3,4,4,0,164.0,198
9,3,4,5,0,198.0,208
9,3,4,6,0,208.0,184
9,3,4,7,1,184.0,152
9,3,4,8,0,152.0,158
9,3,4,9,0,158.0,186
9,3,4,10,0,186.0,212
9,3,4,11,0,212.0,162
9,3,4,12,1,162.0,594
9,3,4,1,1,594.0,370
9,3,4,2,1,370.0,616
9,3,4,3,1,616.0,184
9,3,4,4,0,184.0,164
9,3,4,5,0,164.0,134
9,3,4,6,0,134.0,148
9,3,4,7,1,148.0,178
9,3,4,8,0,178.0,164
9,3,4,9,0,164.0,178
9,3,4,10,0,178.0,168
9,3,4,11,0,168.0,128
9,3,4,12,1,128.0,564
9,3,4,1,1,564.0,286
9,3,4,2,1,286.0,760
9,3,4,3,1,760.0,166
9,3,4,4,0,166.0,144
9,3,4,5,0,144.0,158
9,3,4,6,0,158.0,172
9,3,4,7,1,172.0,164
9,3,4,8,0,164.0,136
9,3,4,9,0,136.0,190
9,3,4,10,0,190.0,178
9,3,4,11,0,178.0,204
9,3,4,12,1,204.0,660
9,3,4,1,1,660.0,288
9,3,4,2,1,288.0,584
9,3,4,3,1,584.0,194
9,3,4,4,0,194.0,236
9,3,4,5,0,236.0,200
9,3,4,6,0,200.0,144
9,3,4,7,1,144.0,142
9,3,4,8,0,142.0,200
9,3,4,9,0,200.0,170
9,3,4,10,0,170.0,168
9,3,4,11,0,168.0,194
9,3,4,12,1,194.0,860
9,3,4,1,1,860.0,218
9,3,4,2,1,218.0,686
9,3,4,3,1,686.0,208
9,3,4,4,0,208.0,158
9,3,4,5,0,158.0,212
9,3,4,6,0,212.0,162
9,3,4,7,1,162.0,144
9,3,4,8,0,144.0,128
9,3,4,9,0,128.0,172
9,3,4,10,0,172.0,180
9,3,4,11,0,180.0,132
9,3,4,12,1,132.0,1020
9,3,4,1,1,1020.0,338
9,3,4,2,1,338.0,370
9,3,4,3,1,370.0,178
9,3,4,4,0,178.0,138
9,3,4,5,0,138.0,142
9,3,4,6,0,142.0,200
9,3,4,7,1,200.0,222
9,3,4,8,0,222.0,168
9,3,4,9,0,168.0,186
9,3,4,10,0,186.0,180
9,3,4,11,0,180.0,168
9,3,4,12,1,168.0,706
9,3,4,1,1,706.0,296
9,3,4,2,1,296.0,352
9,3,4,3,1,352.0,202
9,3,4,4,0,202.0,142
9,3,4,5,0,142.0,154
9,3,4,6,0,154.0,196
9,3,4,7,1,196.0,144
9,3,4,8,0,144.0,144
9,3,4,9,0,144.0,144
9,3,4,10,0,144.0,206
9,3,4,11,0,206.0,172
9,3,4,12,1,172.0,758
9,3,4,1,1,758.0,458
9,3,4,2,1,458.0,582
9,3,4,3,1,582.0,174
9,3,4,4,0,174.0,212
9,3,4,5,0,212.0,140
9,3,4,6,0,140.0,158
9,3,4,7,1,158.0,184
9,3,4,8,0,184.0,214
9,3,4,9,0,214.0,114
9,3,4,10,0,114.0,184
9,3,4,11,0,184.0,160
9,3,4,12,1,160.0,680
10,0,2,1,1,0.0,190
10,0,2,2,1,190.0,168
10,0,2,3,1,168.0,188
10,0,2,4,0,188.0,150
10,0,2,5,0,150.0,130
10,0,2,6,0,130.0,140
10,0,2,7,1,140.0,174
10,0,2,8,0,174.0,202
10,0,2,9,0,202.0,192
10,0,2,10,0,192.0,120
10,0,2,11,0,120.0,158
10,0,2,12,1,158.0,154
10,0,2,1,1,154.0,142
10,0,2,2,1,142.0,122
10,0,2,3,1,122.0,188
10,0,2,4,0,188.0,162
10,0,2,5,0,162.0,192
10,0,2,6,0,192.0,156
10,0,2,7,1,156.0,174
10,0,2,8,0,174.0,180
10,0,2,9,0,180.0,200
10,0,2,10,0,200.0,184
10,0,2,11,0,184.0,146
10,0,2,12,1,146.0,202
10,0,2,1,1,202.0,142
10,0,2,2,1,142.0,170
10,0,2,3,1,170.0,152
10,0,2,4,0,152.0,146
10,0,2,5,0,146.0,206
10,0,2,6,0,206.0,164
10,0,2,7,1,164.0,188
10,0,2,8,0,188.0,200
10,0,2,9,0,200.0,150
10,0,2,10,0,150.0,154
10,0,2,11,0,154.0,178
10,0,2,12,1,178.0,132
10,0,2,1,1,132.0,144
10,0,2,2,1,144.0,138
10,0,2,3,1,138.0,160
10,0,2,4,0,160.0,160
10,0,2,5,0,160.0,148
10,0,2,6,0,148.0,142
10,0,2,7,1,142.0,166
10,0,2,8,0,166.0,200
10,0,2,9,0,200.0,130
10,0,2,10,0,130.0,146
10,0,2,11,0,146.0,210
10,0,2,12,1,210.0,178
10,0,2,1,1,178.0,184
10,0,2,2,1,184.0,140
10,0,2,3,1,140.0,182
10,0,2,4,0,182.0,194
10,0,2,5,0,194.0,176
10,0,2,6,0,176.0,136
10,0,2,7,1,136.0,168
10,0,2,8,0,168.0,178
10,0,2,9,0,178.0,178
10,0,2,10,0,178.0,176
10,0,2,11,0,176.0,200
10,0,2,12,1,200.0,118
10,0,2,1,1,118.0,164
10,0,2,2,1,164.0,92
10,0,2,3,1,92.0,214
10,0,2,4,0,214.0,142
10,0,2,5,0,142.0,158
10,0,2,6,0,158.0,154
10,0,2,7,1,154.0,176
10,0,2,8,0,176.0,178
10,0,2,9,0,178.0,178
10,0,2,10,0,178.0,196
10,0,2,11,0,196.0,214
10,0,2,12,1,214.0,184
10,0,2,1,1,184.0,166
10,0,2,2,1,166.0,130
10,0,2,3,1,130.0,214
10,0,2,4,0,214.0,182
10,0,2,5,0,182.0,150
10,0,2,6,0,150.0,208
10,0,2,7,1,208.0,118
10,0,2,8,0,118.0,152
10,0,2,9,0,152.0,144
10,0,2,10,0,144.0,146
10,0,2,11,0,146.0,188
10,0,2,12,1,188.0,136
10,0,2,1,1,136.0,148
10,0,2,2,1,148.0,128
10,0,2,3,1,128.0,198
10,0,2,4,0,198.0,154
10,0,2,5,0,154.0,126
10,0,2,6,0,126.0,144
10,0,2,7,1,144.0,194
10,0,2,8,0,194.0,128
10,0,2,9,0,128.0,190
10,0,2,10,0,190.0,168
10,0,2,11,0,168.0,160
10,0,2,12,1,160.0,156
10,0,3,1,1,0.0,242
10,0,3,2,1,242.0,142
10,0,3,3,1,142.0,224
10,0,3,4,0,224.0,180
10,0,3,5,0,180.0,204
10,0,3,6,0,204.0,172
10,0,3,7,1,172.0,196
10,0,3,8,0,196.0,194
10,0,3,9,0,194.0,154
10,0,3,10,0,154.0,196
10,0,3,11,0,196.0,160
10,0,3,12,1,160.0,182
10,0,3,1,1,182.0,120
10,0,3,2,1,120.0,156
10,0,3,3,1,156.0,230
10,0,3,4,0,230.0,164
10,0,3,5,0,164.0,156
10,0,3,6,0,156.0,214
10,0,3,7,1,214.0,154
10,0,3,8,0,154.0,174
10,0,3,9,0,174.0,106
10,0,3,10,0,106.0,108
10,0,3,11,0,108.0,184
10,0,3,12,1,184.0,166
10,0,3,1,1,166.0,132
10,0,3,2,1,132.0,154
10,0,3,3,1,154.0,214
10,0,3,4,0,214.0,106
10,0,3,5,0,106.0,232
10,0,3,6,0,232.0,188
10,0,3,7,1,188.0,200
10,0,3,8,0,200.0,162
10,0,3,9,0,162.0,162
10,0,3,10,0,162.0,182
10,0,3,11,0,182.0,138
10,0,3,12,1,138.0,164
10,0,3,1,1,164.0,190
10,0,3,2,1,190.0,136
10,0,3,3,1,136.0,206
10,0,3,4,0,206.0,150
10,0,3,5,0,150.0,110
10,0,3,6,0,110.0,172
10,0,3,7,1,172.0,146
10,0,3,8,0,146.0,230
10,0,3,9,0,230.0,146
10,0,3,10,0,146.0,154
10,0,3,11,0,154.0,144
10,0,3,12,1,144.0,172
10,0,3,1,1,172.0,158
10,0,3,2,1,158.0,144
10,0,3,3,1,144.0,196
10,0,3,4,0,196.0,204
10,0,3,5,0,204.0,172
10,0,3,6,0,172.0,214
10,0,3,7,1,214.0,172
10,0,3,8,0,172.0,178
10,0,3,9,0,178.0,146
10,0,3,10,0,146.0,148
10,0,3,11,0,148.0,266
10,0,3,12,1,266.0,196
10,0,3,1,1,196.0,162
10,0,3,2,1,162.0,178
10,0,3,3,1,178.0,212
10,0,3,4,0,212.0,128
10,0,3,5,0,128.0,166
10,0,3,6,0,166.0,206
10,0,3,7,1,206.0,172
10,0,3,8,0,172.0,160
10,0,3,9,0,160.0,158
10,0,3,10,0,158.0,180
10,0,3,11,0,180.0,162
10,0,3,12,1,162.0,188
10,0,3,1,1,188.0,236
10,0,3,2,1,236.0,158
10,0,3,3,1,158.0,238
10,0,3,4,0,238.0,198
10,0,3,5,0,198.0,192
10,0,3,6,0,192.0,148
10,0,3,7,1,148.0,152
10,0,3,8,0,152.0,218
10,0,3,9,0,218.0,204
10,0,3,10,0,204.0,196
10,0,3,11,0,196.0,172
10,0,3,12,1,172.0,142
10,0,3,1,1,142.0,148
10,0,3,2,1,148.0,178
10,0,3,3,1,178.0,228
10,0,3,4,0,228.0,208
10,0,3,5,0,208.0,196
10,0,3,6,0,196.0,196
10,0,3,7,1,196.0,196
10,0,3,8,0,196.0,178
10,0,3,9,0,178.0,156
10,0,3,10,0,156.0,168
10,0,3,11,0,168.0,124
10,0,3,12,1,124.0,152
10,5,2,1,1,0.0,166
10,5,2,2,1,166.0,242
10,5,2,3,1,242.0,130
10,5,2,4,0,130.0,184
10,5,2,5,0,184.0,174
10,5,2,6,0,174.0,168
10,5,2,7,1,168.0,304
10,5,2,8,0,304.0,162
10,5,2,9,0,162.0,196
10,5,2,10,0,196.0,142
10,5,2,11,0,142.0,192
10,5,2,12,1,192.0,150
10,5,2,1,1,150.0,194
10,5,2,2,1,194.0,156
10,5,2,3,1,156.0,186
10,5,2,4,0,186.0,176
10,5,2,5,0,176.0,204
10,5,2,6,0,204.0,118
10,5,2,7,1,118.0,352
10,5,2,8,0,352.0,228
10,5,2,9,0,228.0,194
10,5,2,10,0,194.0,190
10,5,2,11,0,190.0,104
10,5,2,12,1,104.0,192
10,5,2,1,1,192.0,142
10,5,2,2,1,142.0,142
10,5,2,3,1,142.0,190
10,5,2,4,0,190.0,146
10,5,2,5,0,146.0,186
10,5,2,6,0,186.0,148
10,5,2,7,1,148.0,434
10,5,2,8,0,434.0,222
10,5,2,9,0,222.0,122
10,5,2,10,0,122.0,164
10,5,2,11,0,164.0,160
10,5,2,12,1,160.0,134
10,5,2,1,1,134.0,204
10,5,2,2,1,204.0,150
10,5,2,3,1,150.0,162
10,5,2,4,0,162.0,184
10,5,2,5,0,184.0,132
10,5,2,6,0,132.0,162
10,5,2,7,1,162.0,372
10,5,2,8,0,372.0,142
10,5,2,9,0,142.0,122
10,5,2,10,0,122.0,176
10,5,2,11,0,176.0,160
10,5,2,12,1,160.0,178
10,5,2,1,1,178.0,160
10,5,2,2,1,160.0,164
10,5,2,3,1,164.0,136
10,5,2,4,0,136.0,128
10,5,2,5,0,128.0,130
10,5,2,6,0,130.0,208
10,5,2,7,1,208.0,382
10,5,2,8,0,382.0,214
10,5,2,9,0,214.0,128
10,5,2,10,0,128.0,176
10,5,2,11,0,176.0,184
10,5,2,12,1,184.0,144
10,5,2,1,1,144.0,172
10,5,2,2,1,172.0,176
10,5,2,3,1,176.0,172
10,5,2,4,0,172.0,206
10,5,2,5,0,206.0,190
10,5,2,6,0,190.0,210
10,5,2,7,1,210.0,410
10,5,2,8,0,410.0,164
10,5,2,9,0,164.0,120
10,5,2,10,0,120.0,146
10,5,2,11,0,146.0,200
10,5,2,12,1,200.0,114
10,5,2,1,1,114.0,160
10,5,2,2,1,160.0,142
10,5,2,3,1,142.0,154
10,5,2,4,0,154.0,208
10,5,2,5,0,208.0,134
10,5,2,6,0,134.0,178
10,5,2,7,1,178.0,426
10,5,2,8,0,426.0,164
10,5,2,9,0,164.0,130
10,5,2,10,0,130.0,168
10,5,2,11,0,168.0,114
10,5,2,12,1,114.0,188
10,5,2,1,1,188.0,162
10,5,2,2,1,162.0,172
10,5,2,3,1,172.0,176
10,5,2,4,0,176.0,128
10,5,2,5,0,128.0,152
10,5,2,6,0,152.0,150
10,5,2,7,1,150.0,370
10,5,2,8,0,370.0,208
10,5,2,9,0,208.0,210
10,5,2,10,0,210.0,198
10,5,2,11,0,198.0,172
10,5,2,12,1,172.0,206
10,5,3,1,1,0.0,184
10,5,3,2,1,184.0,160
10,5,3,3,1,160.0,200
10,5,3,4,0,200.0,234
10,5,3,5,0,234.0,200
10,5,3,6,0,200.0,162
10,5,3,7,1,162.0,402
10,5,3,8,0,402.0,232
10,5,3,9,0,232.0,146
10,5,3,10,0,146.0,198
10,5,3,11,0,198.0,170
10,5,3,12,1,170.0,220
10,5,3,1,1,220.0,144
10,5,3,2,1,144.0,170
10,5,3,3,1,170.0,128
10,5,3,4,0,128.0,150
10,5,3,5,0,150.0,160
10,5,3,6,0,160.0,144
10,5,3,7,1,144.0,536
10,5,3,8,0,536.0,168
10,5,3,9,0,168.0,178
10,5,3,10,0,178.0,176
10,5,3,11,0,176.0,160
10,5,3,12,1,160.0,124
10,5,3,1,1,124.0,200
10,5,3,2,1,200.0,126
10,5,3,3,1,126.0,144
10,5,3,4,0,144.0,154
10,5,3,5,0,154.0,156
10,5,3,6,0,156.0,160
10,5,3,7,1,160.0,382
10,5,3,8,0,382.0,188
10,5,3,9,0,188.0,132
10,5,3,10,0,132.0,172
10,5,3,11,0,172.0,184
10,5,3,12,1,184.0,164
10,5,3,1,1,164.0,138
10,5,3,2,1,138.0,118
10,5,3,3,1,118.0,148
10,5,3,4,0,148.0,180
10,5,3,5,0,180.0,232
10,5,3,6,0,232.0,148
10,5,3,7,1,148.0,354
10,5,3,8,0,354.0,194
10,5,3,9,0,194.0,134
10,5,3,10,0,134.0,172
10,5,3,11,0,172.0,182
10,5,3,12,1,182.0,160
10,5,3,1,1,160.0,124
10,5,3,2,1,124.0,162
10,5,3,3,1,162.0,152
10,5,3,4,0,152.0,152
10,5,3,5,0,152.0,160
10,5,3,6,0,160.0,134
10,5,3,7,1,134.0,432
10,5,3,8,0,432.0,152
10,5,3,9,0,152.0,160
10,5,3,10,0,160.0,192
10,5,3,11,0,192.0,156
10,5,3,12,1,156.0,220
10,5,3,1,1,220.0,156
10,5,3,2,1,156.0,124
10,5,3,3,1,124.0,188
10,5,3,4,0,188.0,140
10,5,3,5,0,140.0,146
10,5,3,6,0,146.0,168
10,5,3,7,1,168.0,544
10,5,3,8,0,544.0,156
10,5,3,9,0,156.0,224
10,5,3,10,0,224.0,190
10,5,3,11,0,190.0,194
10,5,3,12,1,194.0,220
10,5,3,1,1,220.0,204
10,5,3,2,1,204.0,156
10,5,3,3,1,156.0,226
10,5,3,4,0,226.0,162
10,5,3,5,0,162.0,228
10,5,3,6,0,228.0,170
10,5,3,7,1,170.0,384
10,5,3,8,0,384.0,188
10,5,3,9,0,188.0,218
10,5,3,10,0,218.0,154
10,5,3,11,0,154.0,182
10,5,3,12,1,182.0,166
10,5,3,1,1,166.0,160
10,5,3,2,1,160.0,186
10,5,3,3,1,186.0,216
10,5,3,4,0,216.0,170
10,5,3,5,0,170.0,158
10,5,3,6,0,158.0,166
10,5,3,7,1,166.0,592
10,5,3,8,0,592.0,174
10,5,3,9,0,174.0,172
10,5,3,10,0,172.0,164
10,5,3,11,0,164.0,204
10,5,3,12,1,204.0,144
11,1,2,1,1,0.0,334
11,1,2,2,1,334.0,164
11,1,2,3,1,164.0,160
11,1,2,4,0,160.0,154
11,1,2,5,0,154.0,160
11,1,2,6,0,160.0,156
11,1,2,7,1,156.0,452
11,1,2,8,0,452.0,186
11,1,2,9,0,186.0,184
11,1,2,10,0,184.0,150
11,1,2,11,0,150.0,154
11,1,2,12,1,154.0,660
11,1,2,1,1,660.0,348
11,1,2,2,1,348.0,146
11,1,2,3,1,146.0,182
11,1,2,4,0,182.0,146
11,1,2,5,0,146.0,148
11,1,2,6,0,148.0,154
11,1,2,7,1,154.0,272
11,1,2,8,0,272.0,148
11,1,2,9,0,148.0,134
11,1,2,10,0,134.0,162
11,1,2,11,0,162.0,184
11,1,2,12,1,184.0,686
11,1,2,1,1,686.0,250
11,1,2,2,1,250.0,132
11,1,2,3,1,132.0,198
11,1,2,4,0,198.0,230
11,1,2,5,0,230.0,164
11,1,2,6,0,164.0,152
11,1,2,7,1,152.0,310
11,1,2,8,0,310.0,186
11,1,2,9,0,186.0,200
11,1,2,10,0,200.0,156
11,1,2,11,0,156.0,142
11,1,2,12,1,142.0,488
11,1,2,1,1,488.0,330
11,1,2,2,1,330.0,164
11,1,2,3,1,164.0,224
11,1,2,4,0,224.0,164
11,1,2,5,0,164.0,138
11,1,2,6,0,138.0,196
11,1,2,7,1,196.0,352
11,1,2,8,0,352.0,152
11,1,2,9,0,152.0,156
11,1,2,10,0,156.0,162
11,1,2,11,0,162.0,138
11,1,2,12,1,138.0,380
11,1,2,1,1,380.0,230
11,1,2,2,1,230.0,156
11,1,2,3,1,156.0,224
11,1,2,4,0,224.0,154
11,1,2,5,0,154.0,186
11,1,2,6,0,186.0,144
11,1,2,7,1,144.0,430
11,1,2,8,0,430.0,130
11,1,2,9,0,130.0,164
11,1,2,10,0,164.0,154
11,1,2,11,0,154.0,166
11,1,2,12,1,166.0,544
11,1,2,1,1,544.0,324
11,1,2,2,1,324.0,192
11,1,2,3,1,192.0,170
11,1,2,4,0,170.0,186
11,1,2,5,0,186.0,162
11,1,2,6,0,162.0,122
11,1,2,7,1,122.0,362
11,1,2,8,0,362.0,152
11,1,2,9,0,152.0,184
11,1,2,10,0,184.0,148
11,1,2,11,0,148.0,152
11,1,2,12,1,152.0,712
11,1,2,1,1,712.0,268
11,1,2,2,1,268.0,172
11,1,2,3,1,172.0,146
11,1,2,4,0,146.0,170
11,1,2,5,0,170.0,120
11,1,2,6,0,120.0,162
11,1,2,7,1,162.0,556
11,1,2,8,0,556.0,204
11,1,2,9,0,204.0,196
11,1,2,10,0,196.0,232
11,1,2,11,0,232.0,172
11,1,2,12,1,172.0,790
11,1,2,1,1,790.0,444
11,1,2,2,1,444.0,174
11,1,2,3,1,174.0,224
11,1,2,4,0,224.0,128
11,1,2,5,0,128.0,248
11,1,2,6,0,248.0,146
11,1,2,7,1,146.0,322
11,1,2,8,0,322.0,130
11,1,2,9,0,130.0,130
11,1,2,10,0,130.0,162
11,1,2,11,0,162.0,186
11,1,2,12,1,186.0,612
11,1,3,1,1,0.0,390
11,1,3,2,1,390.0,166
11,1,3,3,1,166.0,204
11,1,3,4,0,204.0,186
11,1,3,5,0,186.0,166
11,1,3,6,0,166.0,194
11,1,3,7,1,194.0,400
11,1,3,8,0,400.0,176
11,1,3,9,0,176.0,124
11,1,3,10,0,124.0,192
11,1,3,11,0,192.0,156
11,1,3,12,1,156.0,614
11,1,3,1,1,614.0,368
11,1,3,2,1,368.0,152
11,1,3,3,1,152.0,160
11,1,3,4,0,160.0,184
11,1,3,5,0,184.0,132
11,1,3,6,0,132.0,164
11,1,3,7,1,164.0,582
11,1,3,8,0,582.0,182
11,1,3,9,0,182.0,172
11,1,3,10,0,172.0,248
11,1,3,11,0,248.0,196
11,1,3,12,1,196.0,666
11,1,3,1,1,666.0,252
11,1,3,2,1,252.0,154
11,1,3,3,1,154.0,248
11,1,3,4,0,248.0,196
11,1,3,5,0,196.0,146
11,1,3,6,0,146.0,228
11,1,3,7,1,228.0,348
11,1,3,8,0,348.0,178
11,1,3,9,0,178.0,172
11,1,3,10,0,172.0,168
11,1,3,11,0,168.0,170
11,1,3,12,1,170.0,838
11,1,3,1,1,838.0,214
11,1,3,2,1,214.0,150
11,1,3,3,1,150.0,196
11,1,3,4,0,196.0,136
11,1,3,5,0,136.0,196
11,1,3,6,0,196.0,132
11,1,3,7,1,132.0,492
11,1,3,8,0,492.0,196
11,1,3,9,0,196.0,180
11,1,3,10,0,180.0,192
11,1,3,11,0,192.0,120
11,1,3,12,1,120.0,700
11,1,3,1,1,700.0,212
11,1,3,2,1,212.0,188
11,1,3,3,1,188.0,214
11,1,3,4,0,214.0,186
11,1,3,5,0,186.0,140
11,1,3,6,0,140.0,188
11,1,3,7,1,188.0,466
11,1,3,8,0,466.0,154
11,1,3,9,0,154.0,186
11,1,3,10,0,186.0,192
11,1,3,11,0,192.0,196
11,1,3,12,1,196.0,722
11,1,3,1,1,722.0,398
11,1,3,2,1,398.0,172
11,1,3,3,1,172.0,136
11,1,3,4,0,136.0,136
11,1,3,5,0,136.0,192
11,1,3,6,0,192.0,196
11,1,3,7,1,196.0,310
11,1,3,8,0,310.0,192
11,1,3,9,0,192.0,188
11,1,3,10,0,188.0,134
11,1,3,11,0,134.0,188
11,1,3,12,1,188.0,746
11,1,3,1,1,746.0,300
11,1,3,2,1,300.0,168
11,1,3,3,1,168.0,124
11,1,3,4,0,124.0,196
11,1,3,5,0,196.0,218
11,1,3,6,0,218.0,132
11,1,3,7,1,132.0,404
11,1,3,8,0,404.0,214
11,1,3,9,0,214.0,194
11,1,3,10,0,194.0,190
11,1,3,11,0,190.0,206
11,1,3,12,1,206.0,622
11,1,3,1,1,622.0,392
11,1,3,2,1,392.0,134
11,1,3,3,1,134.0,222
11,1,3,4,0,222.0,152
11,1,3,5,0,152.0,204
11,1,3,6,0,204.0,184
11,1,3,7,1,184.0,454
11,1,3,8,0,454.0,126
11,1,3,9,0,126.0,106
11,1,3,10,0,106.0,150
11,1,3,11,0,150.0,192
11,1,3,12,1,192.0,666
11,2,2,1,1,0.0,308
11,2,2,2,1,308.0,166
11,2,2,3,1,166.0,176
11,2,2,4,0,176.0,214
11,2,2,5,0,214.0,162
11,2,2,6,0,162.0,192
11,2,2,7,1,192.0,154
11,2,2,8,0,154.0,164
11,2,2,9,0,164.0,230
11,2,2,10,0,230.0,230
11,2,2,11,0,230.0,150
11,2,2,12,1,150.0,476
11,2,2,1,1,476.0,372
11,2,2,2,1,372.0,190
11,2,2,3,1,190.0,126
11,2,2,4,0,126.0,202
11,2,2,5,0,202.0,164
11,2,2,6,0,164.0,220
11,2,2,7,1,220.0,224
11,2,2,8,0,224.0,182
11,2,2,9,0,182.0,134
11,2,2,10,0,134.0,194
11,2,2,11,0,194.0,162
11,2,2,12,1,162.0,360
11,2,2,1,1,360.0,294
11,2,2,2,1,294.0,168
11,2,2,3,1,168.0,240
11,2,2,4,0,240.0,144
11,2,2,5,0,144.0,190
11,2,2,6,0,190.0,176
11,2,2,7,1,176.0,174
11,2,2,8,0,174.0,168
11,2,2,9,0,168.0,156
11,2,2,10,0,156.0,150
11,2,2,11,0,150.0,210
11,2,2,12,1,210.0,606
11,2,2,1,1,606.0,208
11,2,2,2,1,208.0,206
11,2,2,3,1,206.0,158
11,2,2,4,0,158.0,180
11,2,2,5,0,180.0,192
11,2,2,6,0,192.0,142
11,2,2,7,1,142.0,194
11,2,2,8,0,194.0,176
11,2,2,9,0,176.0,204
11,2,2,10,0,204.0,136
11,2,2,11,0,136.0,144
11,2,2,12,1,144.0,344
11,2,2,1,1,344.0,368
11,2,2,2,1,368.0,134
11,2,2,3,1,134.0,196
11,2,2,4,0,196.0,164
11,2,2,5,0,164.0,208
11,2,2,6,0,208.0,170
11,2,2,7,1,170.0,210
11,2,2,8,0,210.0,206
11,2,2,9,0,206.0,154
11,2,2,10,0,154.0,144
11,2,2,11,0,144.0,180
11,2,2,12,1,180.0,810
11,2,2,1,1,810.0,380
11,2,2,2,1,380.0,156
11,2,2,3,1,156.0,158
11,2,2,4,0,158.0,216
11,2,2,5,0,216.0,150
11,2,2,6,0,150.0,128
11,2,2,7,1,128.0,136
11,2,2,8,0,136.0,154
11,2,2,9,0,154.0,152
11,2,2,10,0,152.0,152
11,2,2,11,0,152.0,198
11,2,2,12,1,198.0,676
11,2,2,1,1,676.0,318
11,2,2,2,1,318.0,146
11,2,2,3,1,146.0,202
11,2,2,4,0,202.0,188
11,2,2,5,0,188.0,194
11,2,2,6,0,194.0,186
11,2,2,7,1,186.0,252
11,2,2,8,0,252.0,188
11,2,2,9,0,188.0,204
11,2,2,10,0,204.0,138
11,2,2,11,0,138.0,164
11,2,2,12,1,164.0,686
11,2,2,1,1,686.0,250
11,2,2,2,1,250.0,154
11,2,2,3,1,154.0,142
11,2,2,4,0,142.0,118
11,2,2,5,0,118.0,170
11,2,2,6,0,170.0,242
11,2,2,7,1,242.0,162
11,2,2,8,0,162.0,170
11,2,2,9,0,170.0,194
11,2,2,10,0,194.0,184
11,2,2,11,0,184.0,176
11,2,2,12,1,176.0,568
11,2,3,1,1,0.0,180
11,2,3,2,1,180.0,108
11,2,3,3,1,108.0,216
11,2,3,4,0,216.0,182
11,2,3,5,0,182.0,142
11,2,3,6,0,142.0,148
11,2,3,7,1,148.0,152
11,2,3,8,0,152.0,218
11,2,3,9,0,218.0,118
11,2,3,10,0,118.0,142
11,2,3,11,0,142.0,200
11,2,3,12,1,200.0,502
11,2,3,1,1,502.0,180
11,2,3,2,1,180.0,124
11,2,3,3,1,124.0,138
11,2,3,4,0,138.0,170
11,2,3,5,0,170.0,172
11,2,3,6,0,172.0,124
11,2,3,7,1,124.0,160
11,2,3,8,0,160.0,140
11,2,3,9,0,140.0,144
11,2,3,10,0,144.0,184
11,2,3,11,0,184.0,170
11,2,3,12,1,170.0,544
11,2,3,1,1,544.0,434
11,2,3,2,1,434.0,152
11,2,3,3,1,152.0,166
11,2,3,4,0,166.0,194
11,2,3,5,0,194.0,220
11,2,3,6,0,220.0,184
11,2,3,7,1,184.0,180
11,2,3,8,0,180.0,142
11,2,3,9,0,142.0,170
11,2,3,10,0,170.0,160
11,2,3,11,0,160.0,160
11,2,3,12,1,160.0,294
11,2,3,1,1,294.0,346
11,2,3,2,1,346.0,150
11,2,3,3,1,150.0,194
11,2,3,4,0,194.0,158
11,2,3,5,0,158.0,172
11,2,3,6,0,172.0,212
11,2,3,7,1,212.0,174
11,2,3,8,0,174.0,172
11,2,3,9,0,172.0,206
11,2,3,10,0,206.0,198
11,2,3,11,0,198.0,118
11,2,3,12,1,118.0,736
11,2,3,1,1,736.0,404
11,2,3,2,1,404.0,120
11,2,3,3,1,120.0,156
11,2,3,4,0,156.0,154
11,2,3,5,0,154.0,124
11,2,3,6,0,124.0,104
11,2,3,7,1,104.0,198
11,2,3,8,0,198.0,190
11,2,3,9,0,190.0,150
11,2,3,10,0,150.0,164
11,2,3,11,0,164.0,180
11,2,3,12,1,180.0,698
11,2,3,1,1,698.0,324
11,2,3,2,1,324.0,132
11,2,3,3,1,132.0,186
11,2,3,4,0,186.0,174
11,2,3,5,0,174.0,132
11,2,3,6,0,132.0,142
11,2,3,7,1,142.0,206
11,2,3,8,0,206.0,174
11,2,3,9,0,174.0,166
11,2,3,10,0,166.0,220
11,2,3,11,0,220.0,136
11,2,3,12,1,136.0,616
11,2,3,1,1,616.0,256
11,2,3,2,1,256.0,164
11,2,3,3,1,164.0,152
11,2,3,4,0,152.0,188
11,2,3,5,0,188.0,204
11,2,3,6,0,204.0,138
11,2,3,7,1,138.0,144
11,2,3,8,0,144.0,200
11,2,3,9,0,200.0,176
11,2,3,10,0,176.0,178
11,2,3,11,0,178.0,100
11,2,3,12,1,100.0,500
11,2,3,1,1,500.0,450
11,2,3,2,1,450.0,170
11,2,3,3,1,170.0,132
11,2,3,4,0,132.0,126
11,2,3,5,0,126.0,186
11,2,3,6,0,186.0,158
11,2,3,7,1,158.0,192
11,2,3,8,0,192.0,164
11,2,3,9,0,164.0,114
11,2,3,10,0,114.0,148
11,2,3,11,0,148.0,218
11,2,3,12,1,218.0,414
11,6,2,1,1,0.0,178
11,6,2,2,1,178.0,166
11,6,2,3,1,166.0,176
11,6,2,4,0,176.0,190
11,6,2,5,0,190.0,166
11,6,2,6,0,166.0,174
11,6,2,7,1,174.0,170
11,6,2,8,0,170.0,210
11,6,2,9,0,210.0,128
11,6,2,10,0,128.0,206
11,6,2,11,0,206.0,178
11,6,2,12,1,178.0,128
11,6,2,1,1,128.0,218
11,6,2,2,1,218.0,188
11,6,2,3,1,188.0,162
11,6,2,4,0,162.0,104
11,6,2,5,0,104.0,200
11,6,2,6,0,200.0,178
11,6,2,7,1,178.0,170
11,6,2,8,0,170.0,162
11,6,2,9,0,162.0,190
11,6,2,10,0,190.0,186
11,6,2,11,0,186.0,134
11,6,2,12,1,134.0,174
11,6,2,1,1,174.0,190
11,6,2,2,1,190.0,180
11,6,2,3,1,180.0,154
11,6,2,4,0,154.0,202
11,6,2,5,0,202.0,166
11,6,2,6,0,166.0,186
11,6,2,7,1,186.0,160
11,6,2,8,0,160.0,162
11,6,2,9,0,162.0,128
11,6,2,10,0,128.0,194
11,6,2,11,0,194.0,170
11,6,2,12,1,170.0,194
11,6,2,1,1,194.0,210
11,6,2,2,1,210.0,156
11,6,2,3,1,156.0,200
11,6,2,4,0,200.0,190
11,6,2,5,0,190.0,140
11,6,2,6,0,140.0,190
11,6,2,7,1,190.0,152
11,6,2,8,0,152.0,136
11,6,2,9,0,136.0,126
11,6,2,10,0,126.0,194
11,6,2,11,0,194.0,202
11,6,2,12,1,202.0,194
11,6,2,1,1,194.0,228
11,6,2,2,1,228.0,116
11,6,2,3,1,116.0,202
11,6,2,4,0,202.0,176
11,6,2,5,0,176.0,164
11,6,2,6,0,164.0,140
11,6,2,7,1,140.0,192
11,6,2,8,0,192.0,182
11,6,2,9,0,182.0,182
11,6,2,10,0,182.0,142
11,6,2,11,0,142.0,118
11,6,2,12,1,118.0,184
11,6,2,1,1,184.0,188
11,6,2,2,1,188.0,152
11,6,2,3,1,152.0,178
11,6,2,4,0,178.0,150
11,6,2,5,0,150.0,166
11,6,2,6,0,166.0,138
11,6,2,7,1,138.0,140
11,6,2,8,0,140.0,186
11,6,2,9,0,186.0,174
11,6,2,10,0,174.0,178
11,6,2,11,0,178.0,174
11,6,2,12,1,174.0,198
11,6,2,1,1,198.0,154
11,6,2,2,1,154.0,160
11,6,2,3,1,160.0,162
11,6,2,4,0,162.0,176
11,6,2,5,0,176.0,174
11,6,2,6,0,174.0,164
11,6,2,7,1,164.0,128
11,6,2,8,0,128.0,176
11,6,2,9,0,176.0,176
11,6,2,10,0,176.0,220
11,6,2,11,0,220.0,156
11,6,2,12,1,156.0,162
11,6,2,1,1,162.0,194
11,6,2,2,1,194.0,140
11,6,2,3,1,140.0,156
11,6,2,4,0,156.0,182
11,6,2,5,0,182.0,182
11,6,2,6,0,182.0,192
11,6,2,7,1,192.0,148
11,6,2,8,0,148.0,146
11,6,2,9,0,146.0,176
11,6,2,10,0,176.0,174
11,6,2,11,0,174.0,188
11,6,2,12,1,188.0,150
11,6,3,1,1,0.0,162
11,6,3,2,1,162.0,174
11,6,3,3,1,174.0,146
11,6,3,4,0,146.0,196
11,6,3,5,0,196.0,234
11,6,3,6,0,234.0,164
11,6,3,7,1,164.0,164
11,6,3,8,0,164.0,192
11,6,3,9,0,192.0,140
11,6,3,10,0,140.0,170
11,6,3,11,0,170.0,164
11,6,3,12,1,164.0,170
11,6,3,1,1,170.0,194
11,6,3,2,1,194.0,164
11,6,3,3,1,164.0,106
11,6,3,4,0,106.0,130
11,6,3,5,0,130.0,162
11,6,3,6,0,162.0,156
11,6,3,7,1,156.0,174
11,6,3,8,0,174.0,208
11,6,3,9,0,208.0,162
11,6,3,10,0,162.0,168
11,6,3,11,0,168.0,170
11,6,3,12,1,170.0,190
11,6,3,1,1,190.0,162
11,6,3,2,1,162.0,128
11,6,3,3,1,128.0,132
11,6,3,4,0,132.0,168
11,6,3,5,0,168.0,144
11,6,3,6,0,144.0,188
11,6,3,7,1,188.0,194
11,6,3,8,0,194.0,186
11,6,3,9,0,186.0,160
11,6,3,10,0,160.0,208
11,6,3,11,0,208.0,206
11,6,3,12,1,206.0,170
11,6,3,1,1,170.0,180
11,6,3,2,1,180.0,186
11,6,3,3,1,186.0,196
11,6,3,4,0,196.0,162
11,6,3,5,0,162.0,192
11,6,3,6,0,192.0,160
11,6,3,7,1,160.0,156
11,6,3,8,0,156.0,184
11,6,3,9,0,184.0,196
11,6,3,10,0,196.0,154
11,6,3,11,0,154.0,152
11,6,3,12,1,152.0,152
11,6,3,1,1,152.0,188
11,6,3,2,1,188.0,148
11,6,3,3,1,148.0,148
11,6,3,4,0,148.0,142
11,6,3,5,0,142.0,168
11,6,3,6,0,168.0,112
11,6,3,7,1,112.0,180
11,6,3,8,0,180.0,86
11,6,3,9,0,86.0,154
11,6,3,10,0,154.0,192
11,6,3,11,0,192.0,118
11,6,3,12,1,118.0,138
11,6,3,1,1,138.0,132
11,6,3,2,1,132.0,156
11,6,3,3,1,156.0,188
11,6,3,4,0,188.0,124
11,6,3,5,0,124.0,178
11,6,3,6,0,178.0,230
11,6,3,7,1,230.0,182
11,6,3,8,0,182.0,188
11,6,3,9,0,188.0,144
11,6,3,10,0,144.0,194
11,6,3,11,0,194.0,180
11,6,3,12,1,180.0,158
11,6,3,1,1,158.0,144
11,6,3,2,1,144.0,114
11,6,3,3,1,114.0,146
11,6,3,4,0,146.0,158
11,6,3,5,0,158.0,170
11,6,3,6,0,170.0,182
11,6,3,7,1,182.0,238
11,6,3,8,0,238.0,172
11,6,3,9,0,172.0,168
11,6,3,10,0,168.0,212
11,6,3,11,0,212.0,158
11,6,3,12,1,158.0,154
11,6,3,1,1,154.0,190
11,6,3,2,1,190.0,166
11,6,3,3,1,166.0,178
11,6,3,4,0,178.0,154
11,6,3,5,0,154.0,154
11,6,3,6,0,154.0,142
11,6,3,7,1,142.0,122
11,6,3,8,0,122.0,180
11,6,3,9,0,180.0,152
11,6,3,10,0,152.0,172
11,6,3,11,0,172.0,180
11,6,3,12,1,180.0,148
12,1,2,1,1,0.0,326
12,1,2,2,1,326.0,104
12,1,2,3,1,104.0,152
12,1,2,4,0,152.0,210
12,1,2,5,0,210.0,242
12,1,2,6,0,242.0,140
12,1,2,7,1,140.0,470
12,1,2,8,0,470.0,170
12,1,2,9,0,170.0,180
12,1,2,10,0,180.0,152
12,1,2,11,0,152.0,238
12,1,2,12,1,238.0,922
12,1,2,1,1,922.0,324
12,1,2,2,1,324.0,164
12,1,2,3,1,164.0,116
12,1,2,4,0,116.0,170
12,1,2,5,0,170.0,174
12,1,2,6,0,174.0,170
12,1,2,7,1,170.0,304
12,1,2,8,0,304.0,204
12,1,2,9,0,204.0,114
12,1,2,10,0,114.0,168
12,1,2,11,0,168.0,198
12,1,2,12,1,198.0,840
12,1,2,1,1,840.0,254
12,1,2,2,1,254.0,192
12,1,2,3,1,192.0,168
12,1,2,4,0,168.0,212
12,1,2,5,0,212.0,152
12,1,2,6,0,152.0,166
12,1,2,7,1,166.0,400
12,1,2,8,0,400.0,222
12,1,2,9,0,222.0,164
12,1,2,10,0,164.0,184
12,1,2,11,0,184.0,186
12,1,2,12,1,186.0,560
12,1,2,1,1,560.0,292
12,1,2,2,1,292.0,128
12,1,2,3,1,128.0,182
12,1,2,4,0,182.0,118
12,1,2,5,0,118.0,134
12,1,2,6,0,134.0,136
12,1,2,7,1,136.0,398
12,1,2,8,0,398.0,208
12,1,2,9,0,208.0,120
12,1,2,10,0,120.0,128
12,1,2,11,0,128.0,198
12,1,2,12,1,198.0,776
12,1,2,1,1,776.0,258
12,1,2,2,1,258.0,164
12,1,2,3,1,164.0,162
12,1,2,4,0,162.0,164
12,1,2,5,0,164.0,148
12,1,2,6,0,148.0,206
12,1,2,7,1,206.0,572
12,1,2,8,0,572.0,148
12,1,2,9,0,148.0,174
12,1,2,10,0,174.0,162
12,1,2,11,0,162.0,176
12,1,2,12,1,176.0,552
12,1,2,1,1,552.0,342
12,1,2,2,1,342.0,138
12,1,2,3,1,138.0,200
12,1,2,4,0,200.0,176
12,1,2,5,0,176.0,158
12,1,2,6,0,158.0,214
12,1,2,7,1,214.0,466
12,1,2,8,0,466.0,164
12,1,2,9,0,164.0,134
12,1,2,10,0,134.0,164
12,1,2,11,0,164.0,160
12,1,2,12,1,160.0,714
12,1,2,1,1,714.0,252
12,1,2,2,1,252.0,114
12,1,2,3,1,114.0,254
12,1,2,4,0,254.0,206
12,1,2,5,0,206.0,146
12,1,2,6,0,146.0,212
12,1,2,7,1,212.0,574
12,1,2,8,0,574.0,156
12,1,2,9,0,156.0,174
12,1,2,10,0,174.0,172
12,1,2,11,0,172.0,214
12,1,2,12,1,214.0,576
12,1,2,1,1,576.0,270
12,1,2,2,1,270.0,168
12,1,2,3,1,168.0,132
12,1,2,4,0,132.0,218
12,1,2,5,0,218.0,174
12,1,2,6,0,174.0,164
12,1,2,7,1,164.0,498
12,1,2,8,0,498.0,110
12,1,2,9,0,110.0,192
12,1,2,10,0,192.0,198
12,1,2,11,0,198.0,180
12,1,2,12,1,180.0,378
12,1,2,6,0,378.0,3
12,1,5,1,1,0.0,488
12,1,5,2,1,488.0,152
12,1,5,3,1,152.0,170
12,1,5,4,0,170.0,168
12,1,5,5,0,168.0,158
12,1,5,6,0,158.0,172
12,1,5,7,1,172.0,362
12,1,5,8,0,362.0,240
12,1,5,9,0,240.0,148
12,1,5,10,0,148.0,150
12,1,5,11,0,150.0,130
12,1,5,12,1,130.0,610
12,1,5,1,1,610.0,246
12,1,5,2,1,246.0,126
12,1,5,3,1,126.0,200
12,1,5,4,0,200.0,148
12,1,5,5,0,148.0,146
12,1,5,6,0,146.0,156
12,1,5,7,1,156.0,364
12,1,5,8,0,364.0,148
12,1,5,9,0,148.0,206
12,1,5,10,0,206.0,192
12,1,5,11,0,192.0,154
12,1,5,12,1,154.0,556
12,1,5,1,1,556.0,146
12,1,5,2,1,146.0,196
12,1,5,3,1,196.0,144
12,1,5,4,0,144.0,164
12,1,5,5,0,164.0,154
12,1,5,6,0,154.0,140
12,1,5,7,1,140.0,482
12,1,5,8,0,482.0,184
12,1,5,9,0,184.0,120
12,1,5,10,0,120.0,124
12,1,5,11,0,124.0,200
12,1,5,12,1,200.0,578
12,1,5,1,1,578.0,220
12,1,5,2,1,220.0,192
12,1,5,3,1,192.0,150
12,1,5,4,0,150.0,126
12,1,5,5,0,126.0,152
12,1,5,6,0,152.0,172
12,1,5,7,1,172.0,398
12,1,5,8,0,398.0,198
12,1,5,9,0,198.0,216
12,1,5,10,0,216.0,184
12,1,5,11,0,184.0,166
12,1,5,12,1,166.0,384
12,1,5,1,1,384.0,156
12,1,5,2,1,156.0,174
12,1,5,3,1,174.0,130
12,1,5,4,0,130.0,238
12,1,5,5,0,238.0,174
12,1,5,6,0,174.0,156
12,1,5,7,1,156.0,416
12,1,5,8,0,416.0,144
12,1,5,9,0,144.0,174
12,1,5,10,0,174.0,226
12,1,5,11,0,226.0,106
12,1,5,12,1,106.0,640
12,1,5,1,1,640.0,236
12,1,5,2,1,236.0,168
12,1,5,3,1,168.0,176
12,1,5,4,0,176.0,190
12,1,5,5,0,190.0,188
12,1,5,6,0,188.0,178
12,1,5,7,1,178.0,338
12,1,5,8,0,338.0,136
12,1,5,9,0,136.0,152
12,1,5,10,0,152.0,228
12,1,5,11,0,228.0,186
12,1,5,12,1,186.0,686
12,1,5,1,1,686.0,398
12,1,5,2,1,398.0,140
12,1,5,3,1,140.0,222
12,1,5,4,0,222.0,150
12,1,5,5,0,150.0,172
12,1,5,6,0,172.0,190
12,1,5,7,1,190.0,272
12,1,5,8,0,272.0,194
12,1,5,9,0,194.0,216
12,1,5,10,0,216.0,164
12,1,5,11,0,164.0,184
12,1,5,12,1,184.0,736
12,1,5,1,1,736.0,216
12,1,5,2,1,216.0,210
12,1,5,3,1,210.0,198
12,1,5,4,0,198.0,208
12,1,5,5,0,208.0,174
12,1,5,6,0,174.0,144
12,1,5,7,1,144.0,498
12,1,5,8,0,498.0,158
12,1,5,9,0,158.0,134
12,1,5,10,0,134.0,228
12,1,5,11,0,228.0,194
12,1,5,12,1,194.0,572
12,3,2,1,1,0.0,260
12,3,2,2,1,260.0,186
12,3,2,3,1,186.0,170
12,3,2,4,0,170.0,152
12,3,2,5,0,152.0,166
12,3,2,6,0,166.0,188
12,3,2,7,1,188.0,126
12,3,2,8,0,126.0,192
12,3,2,9,0,192.0,184
12,3,2,10,0,184.0,152
12,3,2,11,0,152.0,196
12,3,2,12,1,196.0,676
12,3,2,1,1,676.0,360
12,3,2,2,1,360.0,176
12,3,2,3,1,176.0,134
12,3,2,4,0,134.0,150
12,3,2,5,0,150.0,160
12,3,2,6,0,160.0,178
12,3,2,7,1,178.0,196
12,3,2,8,0,196.0,184
12,3,2,9,0,184.0,154
12,3,2,10,0,154.0,152
12,3,2,11,0,152.0,230
12,3,2,12,1,230.0,586
12,3,2,1,1,586.0,366
12,3,2,2,1,366.0,100
12,3,2,3,1,100.0,152
12,3,2,4,0,152.0,162
12,3,2,5,0,162.0,234
12,3,2,6,0,234.0,166
12,3,2,7,1,166.0,234
12,3,2,8,0,234.0,188
12,3,2,9,0,188.0,216
12,3,2,10,0,216.0,164
12,3,2,11,0,164.0,210
12,3,2,12,1,210.0,708
12,3,2,1,1,708.0,316
12,3,2,2,1,316.0,122
12,3,2,3,1,122.0,158
12,3,2,4,0,158.0,176
12,3,2,5,0,176.0,196
12,3,2,6,0,196.0,228
12,3,2,7,1,228.0,176
12,3,2,8,0,176.0,170
12,3,2,9,0,170.0,190
12,3,2,10,0,190.0,146
12,3,2,11,0,146.0,212
12,3,2,12,1,212.0,672
12,3,2,1,1,672.0,290
12,3,2,2,1,290.0,104
12,3,2,3,1,104.0,152
12,3,2,4,0,152.0,164
12,3,2,5,0,164.0,182
12,3,2,6,0,182.0,102
12,3,2,7,1,102.0,180
12,3,2,8,0,180.0,142
12,3,2,9,0,142.0,166
12,3,2,10,0,166.0,150
12,3,2,11,0,150.0,204
12,3,2,12,1,204.0,428
12,3,2,1,1,428.0,254
12,3,2,2,1,254.0,156
12,3,2,3,1,156.0,118
12,3,2,4,0,118.0,186
12,3,2,5,0,186.0,162
12,3,2,6,0,162.0,160
12,3,2,7,1,160.0,128
12,3,2,8,0,128.0,170
12,3,2,9,0,170.0,144
12,3,2,10,0,144.0,188
12,3,2,11,0,188.0,132
12,3,2,12,1,132.0,838
12,3,2,1,1,838.0,294
12,3,2,2,1,294.0,212
12,3,2,3,1,212.0,144
12,3,2,4,0,144.0,144
12,3,2,5,0,144.0,182
12,3,2,6,0,182.0,172
12,3,2,7,1,172.0,194
12,3,2,8,0,194.0,136
12,3,2,9,0,136.0,210
12,3,2,10,0,210.0,148
12,3,2,11,0,148.0,160
12,3,2,12,1,160.0,634
12,3,2,1,1,634.0,336
12,3,2,2,1,336.0,164
12,3,2,3,1,164.0,144
12,3,2,4,0,144.0,150
12,3,2,5,0,150.0,174
12,3,2,6,0,174.0,124
12,3,2,7,1,124.0,174
12,3,2,8,0,174.0,148
12,3,2,9,0,148.0,182
12,3,2,10,0,182.0,164
12,3,2,11,0,164.0,136
12,3,2,12,1,136.0,592
12,3,5,1,1,0.0,374
12,3,5,2,1,374.0,156
12,3,5,3,1,156.0,160
12,3,5,4,0,160.0,178
12,3,5,5,0,178.0,160
12,3,5,6,0,160.0,164
12,3,5,7,1,164.0,184
12,3,5,8,0,184.0,154
12,3,5,9,0,154.0,218
12,3,5,10,0,218.0,170
12,3,5,11,0,170.0,108
12,3,5,12,1,108.0,484
12,3,5,1,1,484.0,412
12,3,5,2,1,412.0,94
12,3,5,3,1,94.0,158
12,3,5,4,0,158.0,136
12,3,5,5,0,136.0,210
12,3,5,6,0,210.0,146
12,3,5,7,1,146.0,164
12,3,5,8,0,164.0,120
12,3,5,9,0,120.0,134
12,3,5,10,0,134.0,198
12,3,5,11,0,198.0,150
12,3,5,12,1,150.0,684
12,3,5,1,1,684.0,390
12,3,5,2,1,390.0,130
12,3,5,3,1,130.0,154
12,3,5,4,0,154.0,136
12,3,5,5,0,136.0,158
12,3,5,6,0,158.0,156
12,3,5,7,1,156.0,156
12,3,5,8,0,156.0,216
12,3,5,9,0,216.0,160
12,3,5,10,0,160.0,128
12,3,5,11,0,128.0,202
12,3,5,12,1,202.0,710
12,3,5,1,1,710.0,316
12,3,5,2,1,316.0,132
12,3,5,3,1,132.0,156
12,3,5,4,0,156.0,190
12,3,5,5,0,190.0,134
12,3,5,6,0,134.0,144
12,3,5,7,1,144.0,190
12,3,5,8,0,190.0,182
12,3,5,9,0,182.0,190
12,3,5,10,0,190.0,240
12,3,5,11,0,240.0,194
12,3,5,12,1,194.0,396
12,3,5,1,1,396.0,256
12,3,5,2,1,256.0,198
12,3,5,3,1,198.0,164
12,3,5,4,0,164.0,180
12,3,5,5,0,180.0,142
12,3,5,6,0,142.0,198
12,3,5,7,1,198.0,230
12,3,5,8,0,230.0,192
12,3,5,9,0,192.0,150
12,3,5,10,0,150.0,168
12,3,5,11,0,168.0,214
12,3,5,12,1,214.0,818
12,3,5,1,1,818.0,236
12,3,5,2,1,236.0,162
12,3,5,3,1,162.0,144
12,3,5,4,0,144.0,172
12,3,5,5,0,172.0,190
12,3,5,6,0,190.0,162
12,3,5,7,1,162.0,158
12,3,5,8,0,158.0,192
12,3,5,9,0,192.0,182
12,3,5,10,0,182.0,124
12,3,5,11,0,124.0,200
12,3,5,12,1,200.0,812
12,3,5,1,1,812.0,312
12,3,5,2,1,312.0,158
12,3,5,3,1,158.0,190
12,3,5,4,0,190.0,162
12,3,5,5,0,162.0,170
12,3,5,6,0,170.0,166
12,3,5,7,1,166.0,166
12,3,5,8,0,166.0,166
12,3,5,9,0,166.0,216
12,3,5,10,0,216.0,154
12,3,5,11,0,154.0,118
12,3,5,12,1,118.0,736
12,3,5,1,1,736.0,238
12,3,5,2,1,238.0,192
12,3,5,3,1,192.0,196
12,3,5,4,0,196.0,234
12,3,5,5,0,234.0,180
12,3,5,6,0,180.0,122
12,3,5,7,1,122.0,142
12,3,5,8,0,142.0,202
12,3,5,9,0,202.0,176
12,3,5,10,0,176.0,186
12,3,5,11,0,186.0,218
12,3,5,12,1,218.0,440
12,3,5,6,0,440.0,1
